site,wildtype,AAA,AAC,AAG,AAT,ACA,ACC,ACG,ACT,AGA,AGC,AGG,AGT,ATA,ATC,ATG,ATT,CAA,CAC,CAG,CAT,CCA,CCC,CCG,CCT,CGA,CGC,CGG,CGT,CTA,CTC,CTG,CTT,GAA,GAC,GAG,GAT,GCA,GCC,GCG,GCT,GGA,GGC,GGG,GGT,GTA,GTC,GTG,GTT,TAA,TAC,TAG,TAT,TCA,TCC,TCG,TCT,TGA,TGC,TGG,TGT,TTA,TTC,TTG,TTT
1,ATG,64,39,25,55,82,119,21,20,47,40,61,20,95,85,395713,77,46,25,7,24,32,0,0,0,14,32,22,32,8,5,29,11,32,203,22,17,17,3,17,54,42,27,57,60,44,23,30,36,37,88,65,26,7,12,12,17,58,43,37,101,38,15,57,12
2,AAG,47,23,396481,68,20,30,12,13,16,5,38,16,48,34,14,58,16,12,16,13,15,7,5,3,35,26,7,2,29,15,22,16,0,0,24,1,3,3,1,1,0,12,1,0,40,32,16,16,31,47,8,31,6,6,2,3,2,4,23,2,43,26,22,10
3,ACT,31,6,1,69,21,190,25,397750,12,0,3,10,1,20,0,37,14,13,2,6,10,4,25,5,3,3,7,13,21,0,14,2,11,4,2,4,4,3,21,18,0,2,0,0,2,1,1,6,0,3,1,1,8,3,7,4,0,6,2,1,7,2,11,10
4,ATC,2,6,7,0,6,53,1,16,0,2,1,12,62,397900,7,14,4,4,0,7,1,2,0,6,0,2,0,3,2,19,1,2,9,0,0,1,3,27,1,1,2,8,5,4,3,41,2,0,0,15,4,1,5,5,1,5,3,7,0,3,4,0,0,0
5,ATT,1,0,2,4,3,2,1,34,0,0,1,3,15,12,4,397866,0,0,0,0,0,0,4,0,1,0,1,0,7,1,4,9,0,0,0,0,4,2,1,0,2,0,1,3,0,0,2,17,1,6,3,0,1,0,0,0,2,6,5,0,0,1,2,1
6,GCT,2,3,2,0,9,7,6,60,6,17,2,3,4,0,11,1,0,5,1,1,0,3,1,0,1,0,0,2,4,7,0,0,2,0,1,11,15,108,23,397442,2,7,1,1,0,0,2,22,7,2,0,0,1,6,2,17,0,7,1,0,1,3,7,0
7,TTG,0,24,0,4,20,5,12,7,0,4,1,8,10,6,12,2,2,14,0,5,30,6,4,27,0,2,0,2,5,14,80,17,13,5,14,1,6,23,1,6,6,10,16,6,0,4,8,12,1,2,4,13,63,6,82,1,3,10,14,3,19,12,397306,134
8,AGC,0,10,0,0,4,1,1,0,13,397413,2,40,5,30,2,1,0,7,1,4,13,0,7,2,1,5,1,0,3,5,0,1,0,0,0,0,2,5,3,16,2,68,3,13,0,8,0,7,0,0,0,5,0,15,1,0,0,17,5,0,0,13,0,1
9,TAC,0,15,13,1,8,6,6,5,46,4,0,12,16,8,8,9,5,176,1,2,21,11,8,31,0,16,0,0,9,30,4,17,3,36,7,3,0,6,7,9,2,5,1,9,15,5,11,8,1,397621,3,30,7,1,5,1,2,17,8,6,3,9,19,11
10,ATT,10,26,4,23,0,7,1,110,0,6,1,10,34,27,17,397566,8,6,1,5,70,0,20,5,0,1,0,3,0,5,11,15,10,0,23,0,0,6,3,2,5,0,6,2,0,1,13,9,2,7,0,1,0,6,0,0,0,5,7,19,4,4,4,16
11,CTA,37,9,13,3,31,1,4,9,1,1,3,5,69,1,8,14,149,38,1,9,600,10,39,49,16,14,40,11,396429,5,30,18,19,1,10,4,3,0,13,3,8,33,3,15,13,5,3,6,4,3,4,6,7,12,1,7,2,22,3,5,23,8,3,15
12,TGT,7,3,1,3,1,1,0,0,0,1,5,10,15,6,11,0,0,0,1,0,1,1,0,28,2,0,2,18,1,0,1,6,13,20,0,1,1,7,0,1,2,0,2,8,1,1,0,0,0,1,0,36,1,4,4,13,9,63,7,397759,0,1,0,42
13,CTG,2,0,0,0,3,9,0,2,11,0,24,1,0,0,74,0,0,4,11,0,1,1,134,2,1,5,16,3,30,3,397394,61,0,5,0,7,0,0,4,0,1,0,0,2,0,0,8,1,0,0,0,0,0,5,0,6,2,5,0,2,0,2,12,0
14,GTT,0,8,0,3,22,15,10,5,0,1,1,6,9,23,0,34,0,2,2,0,0,0,0,0,0,0,0,0,5,5,2,1,0,2,0,2,11,23,6,46,16,8,2,48,13,88,36,396584,29,0,0,1,3,12,14,4,0,9,0,1,3,0,1,2
15,TTC,25,13,9,9,17,17,9,10,22,20,3,6,0,9,8,1,15,5,4,36,13,44,17,0,6,29,9,4,3,110,7,2,13,10,16,5,36,2,9,2,20,34,49,6,4,10,4,70,17,56,30,9,5,85,1,10,10,28,19,4,69,396814,10,130
16,GCT,0,0,0,0,0,4,11,383,0,6,0,4,1,1,2,0,0,0,0,0,4,3,3,4,0,0,0,0,1,0,0,0,1,0,0,12,25,163,118,396557,11,4,1,12,0,0,0,15,3,0,0,1,4,2,1,35,1,4,0,1,0,0,0,0
17,CAA,121,14,0,21,16,17,20,16,15,3,6,16,12,6,7,8,397643,22,34,6,1,0,0,0,18,14,1,5,14,11,4,3,9,10,11,3,8,18,11,0,0,7,2,0,11,29,4,10,10,7,6,2,2,4,4,9,2,3,4,0,1,4,2,3
18,AAA,397631,99,33,10,16,2,5,4,22,1,3,0,0,0,1,0,15,5,2,26,12,5,4,7,4,9,10,12,0,0,0,0,32,14,15,4,20,19,4,17,2,5,3,3,0,0,0,0,7,7,3,6,3,7,5,5,0,3,1,2,0,0,0,0
19,CTT,3,6,2,2,7,0,1,5,1,0,2,0,8,36,27,45,17,2,6,13,0,0,0,42,14,2,9,16,8,28,19,395956,18,4,0,6,3,5,0,6,2,5,9,0,11,17,13,4,7,4,15,4,7,2,6,8,3,2,16,0,3,3,2,31
20,CCT,18,14,7,8,9,14,5,48,2,11,3,2,6,29,5,9,18,28,15,52,22,127,19,396645,5,6,0,2,4,2,5,21,0,7,2,7,4,1,13,8,8,0,20,0,38,15,22,28,9,14,3,1,3,7,3,17,20,2,7,32,6,0,3,10
21,GGA,2,31,4,18,7,29,13,6,37,9,1,9,28,17,39,18,4,26,13,1,11,11,0,3,7,13,7,2,21,15,12,26,27,16,7,3,12,12,6,10,395218,8,38,27,82,28,38,15,5,12,1,0,10,12,14,7,51,2,5,1,18,4,12,6
22,AAT,7,20,11,397010,4,2,15,10,11,4,7,44,3,4,32,4,6,21,6,8,7,15,7,17,3,2,0,3,5,17,0,4,22,10,7,45,9,1,2,1,7,7,25,2,1,6,1,17,5,6,1,16,2,10,15,6,0,0,22,0,12,2,7,6
23,GAC,0,40,0,0,10,8,5,5,1,0,2,6,4,7,4,1,3,19,7,1,2,1,1,2,1,1,1,1,0,4,3,1,29,396124,5,36,0,3,5,2,9,50,13,0,2,2,7,14,0,54,6,4,4,12,1,24,0,3,0,1,10,1,5,2
24,AAC,56,397426,5,71,3,19,0,3,12,18,30,1,7,45,2,6,14,30,4,7,50,27,10,8,1,13,10,6,2,5,10,19,11,78,16,7,13,7,2,9,28,13,25,8,15,4,0,8,0,30,0,5,9,0,6,2,7,1,8,3,18,11,0,4
25,AGC,3,203,4,6,5,20,3,0,32,395284,27,162,5,39,10,4,0,11,5,1,12,23,4,0,18,46,0,5,0,13,9,1,3,19,6,3,5,11,14,7,3,164,4,13,7,0,9,4,0,1,14,1,20,14,5,8,0,6,2,0,1,7,8,14
26,ACG,2,2,15,0,59,13,396908,43,0,2,24,2,9,0,130,0,4,4,4,9,1,0,2,1,0,3,4,0,9,2,17,14,0,1,1,0,0,3,12,0,3,0,0,0,0,0,0,0,0,2,3,4,2,0,10,1,42,0,1,1,2,0,0,4
27,GCA,0,0,0,0,98,4,7,0,0,2,0,0,0,0,0,0,0,0,0,0,10,6,2,1,0,0,0,0,0,0,0,0,5,1,0,0,396547,33,27,5,6,0,0,0,28,0,10,0,0,0,0,0,12,2,1,2,0,0,0,0,0,0,0,0
28,ACG,2,0,15,0,139,10,396918,34,1,0,2,0,0,4,169,0,0,0,0,0,0,0,5,0,0,0,0,0,0,2,0,0,0,0,1,0,0,0,19,0,0,0,0,1,1,0,0,1,1,0,0,3,0,0,0,1,0,0,0,0,8,2,0,0
29,CTG,0,0,0,0,1,0,0,0,1,0,0,0,0,1,23,0,0,0,7,0,0,0,90,0,0,0,14,0,94,7,397840,23,0,0,0,0,0,0,0,0,0,0,0,0,0,0,7,0,23,0,17,0,0,0,0,0,3,0,0,0,3,0,26,0
30,TGC,0,0,0,1,0,0,0,0,0,1,0,0,0,0,0,0,1,0,0,0,0,0,0,0,0,12,0,1,0,1,0,0,0,0,0,0,3,0,0,1,0,2,0,0,0,1,0,0,0,44,0,0,0,1,0,0,23,397027,4,160,0,8,1,0
31,CTT,0,0,0,0,0,0,4,0,0,0,0,0,1,10,0,60,0,0,0,10,2,1,1,87,0,1,0,7,7,25,16,397738,0,0,0,0,0,0,1,0,0,0,0,0,12,8,2,3,4,0,1,0,0,0,0,0,223,0,1,1,1,0,3,11
32,GGG,0,0,0,2,0,0,0,0,0,0,26,0,0,0,0,0,0,0,1,0,0,0,0,0,0,0,0,0,0,0,0,1,0,0,22,0,0,0,0,1,61,21,396909,27,0,0,11,1,0,0,1,0,0,0,0,1,0,0,14,0,0,0,0,0
33,CAC,4,5,2,0,2,0,0,0,1,0,1,0,0,0,1,0,5,397490,4,18,0,4,0,0,9,44,6,4,0,0,0,0,0,1,0,0,0,0,1,0,0,0,0,0,0,1,0,0,2,125,1,0,0,0,0,0,9,0,0,0,1,2,0,6
34,CAT,0,0,0,39,0,11,0,1,0,0,0,0,2,0,5,6,6,52,6,397659,0,0,0,4,0,0,0,13,2,2,4,5,1,0,6,0,0,0,1,0,1,0,0,0,1,2,5,1,1,4,1,52,0,1,0,1,0,0,1,0,0,1,0,0
35,GCA,0,2,0,4,64,8,1,0,0,7,0,0,0,0,0,1,0,0,0,0,2,0,0,0,0,0,0,0,0,0,0,0,6,0,0,0,396238,14,135,15,3,0,1,0,173,1,1,2,0,6,21,7,39,7,1,1,6,0,0,0,0,1,0,5
36,GTA,0,0,0,0,2,5,0,0,0,0,0,0,84,0,1,0,1,3,0,2,0,0,0,1,2,3,0,1,10,1,0,47,3,0,0,0,26,0,0,1,2,0,1,2,397308,13,36,11,87,2,5,0,0,3,0,0,4,0,0,0,13,3,0,1
37,CCA,2,2,3,6,28,11,15,2,2,11,9,37,1,0,6,5,58,8,4,1,397165,28,30,17,3,5,1,24,17,0,3,0,0,1,2,0,12,16,6,1,1,0,1,0,4,5,4,4,1,1,126,0,18,7,0,3,6,1,1,0,15,7,0,1
38,AAC,27,395869,3,93,1,17,3,0,2,17,5,5,0,0,0,0,2,19,8,0,0,0,0,0,1,4,7,4,0,0,51,1,0,8,2,2,1,6,3,2,1,0,0,0,0,0,0,6,3,4,1,5,0,2,10,2,2,0,0,0,0,0,0,1
39,GGA,0,0,0,0,0,1,0,0,42,0,0,0,0,0,0,0,0,2,0,0,1,2,1,7,0,0,0,0,0,0,0,0,16,0,0,0,2,0,0,0,395772,10,64,34,43,0,0,0,31,0,0,0,0,0,2,0,76,0,0,0,0,0,3,0
40,ACG,1,1,34,0,84,36,396586,65,2,1,9,1,2,2,78,6,6,4,3,11,8,3,4,21,2,0,0,1,4,1,0,0,3,0,3,0,1,11,27,2,0,0,0,1,7,10,5,9,1,6,5,6,1,2,2,1,0,2,5,0,0,19,2,2
41,ATA,6,4,5,10,30,1,1,2,3,1,0,1,396714,9,92,7,1,12,1,1,1,1,9,2,13,4,7,4,14,3,4,60,4,0,0,0,2,0,1,2,2,8,2,1,40,7,8,18,8,11,0,8,1,6,0,4,0,0,29,14,11,2,0,3
42,GTG,0,0,0,1,1,0,0,1,0,0,0,0,0,0,22,13,0,0,0,0,0,0,0,0,0,0,0,0,0,0,59,0,0,0,3,0,0,0,8,0,0,0,2,0,76,22,394102,34,8,0,2,0,0,0,0,0,1,0,0,0,0,0,4,0
43,AAA,396631,5,20,5,4,4,2,5,15,1,3,6,1,0,5,0,9,6,10,6,0,0,0,0,18,9,29,6,0,2,0,0,27,2,1,1,15,5,4,15,2,1,5,5,0,1,3,0,5,0,6,0,5,7,4,0,7,0,0,0,1,0,1,0
44,ACA,5,0,0,0,396736,15,28,9,6,4,0,13,24,0,0,1,0,0,0,0,8,0,0,0,0,0,0,0,0,1,0,0,1,0,0,3,17,9,7,4,1,0,10,2,0,1,1,0,8,0,11,1,15,1,0,0,0,0,0,0,2,0,0,0
45,ATC,0,11,1,0,4,20,1,0,0,2,0,1,64,393795,3,15,0,0,0,1,2,3,2,6,0,0,0,0,0,6,1,0,0,0,0,0,0,0,0,1,0,0,0,0,2,37,6,0,0,0,6,1,3,0,0,0,5,0,2,1,2,8,0,0
46,ACG,0,1,11,9,70,6,395125,58,0,1,16,3,4,0,64,1,2,1,4,6,0,0,9,0,13,6,9,1,5,6,27,6,3,0,3,1,0,1,21,0,1,3,1,1,0,2,2,1,0,2,1,1,11,1,5,1,2,0,4,0,0,2,6,1
47,AAT,7,27,4,396127,1,0,2,6,0,0,7,18,3,0,3,1,0,4,2,1,2,1,1,0,3,4,12,2,4,0,0,2,0,8,6,37,1,7,4,7,6,2,1,5,4,19,0,1,2,1,4,9,2,5,6,0,7,2,7,0,2,11,8,3
48,GAC,0,37,1,1,2,0,6,17,8,3,2,1,0,2,1,4,1,6,11,0,16,9,20,8,0,0,0,1,2,2,0,2,21,395129,25,14,9,21,8,3,9,63,6,18,1,2,0,0,3,85,1,1,10,8,22,1,13,3,2,0,8,2,5,0
49,CAA,65,8,7,0,4,2,3,4,6,1,5,1,2,0,3,2,394029,8,12,14,9,3,1,2,19,4,27,2,15,5,2,11,2,3,0,3,19,21,2,4,6,11,7,5,1,7,0,4,13,6,6,6,0,0,2,0,10,0,1,1,3,2,8,4
50,ATT,0,1,0,20,0,3,4,27,2,0,0,2,15,21,21,393905,10,0,15,0,0,0,0,0,0,0,0,1,2,5,9,32,14,0,5,1,0,0,1,7,1,0,0,0,0,13,3,57,6,0,10,1,0,0,1,0,0,2,0,1,11,1,10,6
51,GAA,13,3,0,3,1,7,4,4,8,0,0,3,0,0,1,1,7,0,5,1,0,4,3,0,0,4,0,0,1,2,1,4,387938,9,47,10,11,7,2,16,114,0,0,0,5,1,0,1,21,1,4,1,17,3,0,8,0,1,1,1,0,0,0,1
52,GTT,0,0,0,0,5,0,0,0,0,0,0,0,0,0,1,63,3,2,0,1,2,0,0,1,0,1,0,2,3,0,0,3,3,0,0,1,0,2,0,12,0,0,0,4,36,67,23,394006,0,1,9,0,0,0,0,0,13,1,0,3,1,0,1,12
53,ACT,1,1,0,25,28,175,24,394402,0,5,0,3,28,6,6,19,0,0,1,1,0,0,0,2,0,0,3,1,13,1,5,0,1,0,1,0,0,1,1,36,0,2,0,0,9,17,23,13,5,7,0,0,0,1,1,1,28,5,0,1,0,0,2,0
54,AAT,30,27,3,393939,3,16,0,15,7,9,0,97,0,0,15,2,5,0,3,8,0,0,0,0,5,1,2,1,5,0,6,0,0,6,16,14,2,5,6,31,4,2,2,4,0,0,4,1,25,6,0,7,6,7,7,17,25,1,0,0,1,5,3,4
55,GCT,0,1,0,2,0,3,0,54,1,4,0,0,0,0,0,1,9,4,0,0,3,0,1,37,0,0,0,0,0,6,1,12,0,0,0,24,27,81,8,386790,3,19,1,13,12,0,1,14,6,0,1,2,2,6,6,34,0,0,0,1,0,1,6,0
56,ACT,4,0,0,14,33,64,5,393743,1,0,5,2,3,1,12,20,4,0,4,0,1,0,0,2,0,2,3,5,16,5,22,12,14,0,8,0,0,1,0,21,0,0,0,0,13,21,33,7,11,11,0,2,1,3,6,7,7,0,3,2,10,2,8,2
57,GAG,0,2,21,0,1,0,0,1,0,8,0,2,0,0,1,0,1,0,3,0,0,0,0,0,1,2,0,0,0,0,0,0,79,2,393201,12,1,0,6,1,0,0,22,0,0,0,6,0,2,0,32,0,0,0,1,0,5,0,3,0,0,0,0,0
58,CTG,1,0,0,0,0,0,0,1,1,0,0,0,0,1,22,0,0,1,8,0,0,0,55,0,0,1,3,0,58,27,395486,45,1,0,0,0,2,0,0,3,1,0,0,0,0,0,12,2,0,0,0,0,0,0,0,1,2,0,0,0,4,0,116,0
59,GTT,2,0,0,0,0,0,1,1,0,0,0,0,0,0,0,40,0,2,0,0,0,0,0,0,0,0,0,0,2,0,0,1,0,0,0,3,0,0,0,10,0,6,0,10,11,32,19,395519,0,1,3,0,0,1,1,0,1,0,0,0,0,0,0,14
60,CAG,2,0,44,0,2,20,9,10,2,5,2,1,12,9,2,8,50,33,395553,69,0,0,11,1,0,3,132,2,2,0,6,3,22,2,11,10,1,14,4,7,1,0,23,0,4,5,19,1,6,12,23,3,2,3,3,1,1,1,4,2,1,4,2,1
61,AGT,6,9,2,76,24,4,7,27,29,123,16,395881,4,20,5,46,8,18,7,5,2,3,6,9,5,8,1,59,1,3,0,1,0,20,1,4,17,14,3,16,5,6,10,76,6,9,2,9,5,5,2,13,4,9,8,13,0,7,1,13,2,0,0,2
62,TCC,4,4,11,16,8,86,14,10,8,5,9,5,11,7,14,0,3,27,6,11,2,25,0,0,4,0,5,0,3,3,1,10,13,6,11,3,3,9,47,1,8,4,22,9,22,0,6,3,1,43,12,2,136,388610,6,24,5,0,1,0,4,45,24,2
63,TCA,1,3,2,0,25,0,23,20,0,12,0,1,5,0,0,11,3,5,4,0,81,5,1,4,0,3,3,1,4,4,2,1,1,0,1,1,14,16,9,10,16,13,10,29,8,14,4,1,39,9,8,4,393418,42,31,13,6,3,3,0,13,1,4,1
64,ACA,65,9,19,27,395917,44,97,43,31,13,21,4,74,27,9,2,1,32,9,10,40,22,7,36,2,2,6,18,28,8,22,8,1,14,8,4,22,4,2,15,15,8,12,9,8,3,7,7,3,12,9,14,42,20,13,14,0,1,15,1,8,22,36,3
65,GGT,0,5,0,1,1,3,5,3,17,1,2,33,3,0,0,0,2,1,0,1,0,4,3,11,0,4,3,4,3,0,0,0,6,2,0,39,5,15,11,3,28,66,23,395901,0,2,0,16,1,5,2,4,4,3,5,0,1,0,1,30,1,7,3,3
66,GAA,67,6,63,6,3,42,25,6,0,7,46,8,19,9,17,12,45,19,22,25,5,41,1,3,0,5,5,8,15,21,16,19,396541,11,37,7,8,14,4,27,19,1,0,0,6,64,29,13,40,2,4,7,12,4,3,8,10,6,4,3,8,16,4,5
67,ATA,24,0,4,1,20,0,0,1,3,2,0,0,394791,29,44,25,0,0,0,0,0,3,0,0,0,0,0,0,26,9,2,6,11,0,0,1,0,0,0,1,0,0,0,0,22,0,4,0,0,1,0,1,0,1,1,0,9,0,0,0,6,1,0,1
68,TGC,0,0,0,0,0,0,0,0,0,4,0,0,0,0,0,0,0,1,0,1,0,0,0,1,0,8,0,0,0,1,0,0,0,0,0,0,0,0,0,0,0,1,0,0,0,0,1,0,3,25,3,0,2,1,1,0,21,394910,9,365,0,6,0,0
69,GAC,0,62,2,9,1,0,0,1,1,9,0,3,0,0,0,0,4,33,3,2,0,0,0,2,0,2,1,1,0,1,2,0,49,396519,11,90,2,8,33,7,30,37,8,5,1,1,3,1,3,61,0,1,7,29,1,6,0,1,2,0,0,0,2,0
70,AGT,3,1,1,154,1,2,2,13,20,102,12,395317,0,1,2,11,42,15,24,3,1,0,0,0,10,15,2,22,2,4,5,6,5,3,7,1,19,12,4,2,25,12,23,72,0,7,2,3,3,0,20,1,15,3,21,11,1,0,0,6,0,2,1,2
71,CCT,0,0,0,1,1,2,0,26,0,0,0,0,1,1,0,0,1,0,1,72,27,118,13,396541,0,0,0,16,1,0,0,33,0,0,1,0,0,0,0,11,2,0,0,0,0,0,5,1,19,1,2,0,1,0,0,14,30,0,1,0,0,0,0,1
72,CAT,2,2,0,10,1,0,0,2,0,0,0,0,2,1,1,7,11,51,3,396218,0,0,0,3,0,2,0,9,1,15,10,2,0,0,0,1,3,0,1,3,2,0,0,0,0,0,1,0,0,2,9,37,0,0,0,0,0,0,12,0,4,9,5,6
73,CAG,2,26,70,34,26,9,9,6,10,12,6,19,9,8,3,22,60,10,396218,39,0,0,5,0,21,0,85,26,43,32,37,11,7,12,18,9,8,14,6,10,8,1,1,0,18,4,10,12,4,2,20,0,12,6,18,5,6,0,1,0,38,0,0,1
74,ATC,0,5,2,1,0,14,0,0,0,3,0,0,37,388769,2,55,0,0,0,0,0,1,0,0,0,1,1,0,3,14,1,3,0,0,0,1,0,2,0,0,1,0,0,0,6,53,13,5,3,0,0,0,0,0,0,0,4,0,12,1,3,3,0,0
75,CTT,0,0,0,1,1,1,1,2,0,0,0,1,10,2,6,63,0,0,0,5,0,1,0,27,0,3,0,3,42,55,16,394196,0,1,0,0,1,0,0,0,0,1,2,0,3,12,34,30,4,1,25,1,1,1,0,3,6,0,2,0,19,1,5,10
76,GAT,0,1,0,40,1,0,0,0,0,0,0,0,0,1,1,0,1,0,0,0,0,1,1,0,1,0,0,0,0,0,2,0,31,20,11,396433,0,2,0,8,0,0,0,17,2,0,2,14,0,0,10,48,0,0,0,1,1,0,0,0,0,0,0,1
77,GGA,1,0,0,0,1,0,0,1,24,0,0,0,0,0,0,0,0,0,0,0,0,0,0,0,4,0,0,0,0,0,0,0,32,1,0,0,2,0,1,0,396687,12,389,36,22,1,0,3,3,0,5,1,1,0,0,0,53,0,0,0,0,1,0,0
78,AAA,397593,5,45,6,3,0,0,0,32,0,5,0,0,0,8,0,8,0,4,2,0,0,1,0,1,1,19,0,2,1,0,0,17,1,1,1,0,18,4,1,3,0,12,14,0,2,1,3,12,0,0,5,0,1,0,0,1,0,0,3,0,0,0,0
79,AAC,12,396138,5,26,5,9,3,9,1,27,1,1,0,1,2,0,4,14,2,4,0,3,0,0,0,4,0,1,0,1,0,0,2,56,5,3,1,5,0,2,6,6,16,4,0,0,0,0,3,4,3,1,2,6,4,0,1,0,0,0,0,0,0,1
80,TGC,0,0,0,0,0,0,0,0,0,3,0,0,0,0,0,0,0,0,0,0,0,0,2,1,0,11,0,0,0,0,0,0,0,0,0,59,0,0,0,0,0,1,0,0,0,0,0,0,2,101,2,0,0,2,0,0,15,395724,0,111,0,12,0,0
81,ACA,12,1,0,0,396397,3,13,13,8,2,0,2,24,1,5,0,1,1,0,0,3,0,0,0,0,0,0,0,0,1,0,0,0,0,0,0,23,0,0,0,1,0,0,0,0,0,0,0,0,0,0,0,6,4,5,0,0,0,1,0,0,0,1,0
82,CTA,0,0,0,1,0,0,3,0,0,1,0,0,10,0,0,0,2,0,0,1,56,0,0,0,1,0,1,0,397057,48,29,2,0,1,0,0,0,0,0,0,0,0,0,0,3,0,0,0,17,0,4,0,0,1,5,0,3,0,0,1,17,0,11,0
83,ATA,23,0,0,0,4,0,0,0,1,3,0,2,395416,6,71,5,0,0,0,0,2,0,1,0,1,1,0,0,4,14,4,7,0,0,1,0,0,0,1,0,0,0,0,0,21,26,5,2,0,0,0,0,0,0,0,0,1,0,0,4,6,1,5,0
84,GAT,0,1,0,13,0,0,1,0,0,3,0,0,3,0,0,0,1,0,0,0,0,0,0,4,1,0,0,0,0,0,0,0,8,27,2,395963,0,0,0,1,0,0,0,19,1,1,0,4,13,0,0,8,1,2,1,0,2,3,0,0,1,0,1,0
85,GCT,0,1,0,1,1,2,5,53,0,3,0,0,6,0,0,0,2,0,0,0,0,0,0,0,0,1,0,0,0,0,0,0,1,0,0,18,6,36,8,397265,2,1,4,9,0,0,0,15,1,1,10,0,2,0,2,26,0,1,1,5,0,0,0,1
86,CTA,1,0,0,0,0,1,0,0,0,0,0,0,32,3,1,0,2,0,1,1,41,2,2,0,2,2,0,0,397560,4,29,8,0,0,0,0,0,2,2,0,0,0,4,0,2,0,0,2,3,0,9,0,1,1,0,0,3,0,0,0,48,0,6,1
87,TTG,1,0,0,4,1,1,0,0,1,0,0,0,0,7,2,5,0,21,0,0,0,1,0,0,0,0,0,0,5,37,44,7,0,1,0,0,0,0,0,0,0,0,3,0,0,3,0,0,1,0,10,0,0,0,10,0,0,1,3,0,24,0,397110,54
88,GGA,2,0,0,0,0,0,0,1,24,0,0,0,2,0,0,0,0,0,1,0,0,0,0,0,3,0,0,0,2,2,0,0,25,0,1,0,0,0,0,0,396991,14,191,28,11,0,0,1,2,0,1,0,0,0,0,1,22,0,0,1,0,0,0,0
89,GAC,0,49,0,1,1,2,0,3,0,0,0,0,0,0,0,0,0,1,0,1,0,2,0,0,0,1,3,0,1,0,0,0,17,396738,8,75,4,9,2,3,0,29,4,1,1,14,0,0,2,26,2,1,0,5,0,2,8,0,0,0,0,0,0,1
90,CCT,0,1,0,0,1,0,0,13,0,0,0,0,0,0,0,0,1,0,0,33,33,142,20,395247,0,0,0,0,0,0,0,11,2,0,0,2,0,0,0,1,0,0,0,0,1,0,0,0,3,0,0,0,0,9,1,13,7,0,0,1,0,0,0,0
91,CAG,4,8,25,5,3,5,5,1,0,0,4,2,1,1,12,0,21,13,397428,71,0,0,4,1,1,0,94,0,5,0,12,2,1,1,13,2,2,2,5,0,2,0,30,7,15,0,0,0,2,0,44,0,5,7,2,8,2,0,1,0,2,0,1,1
92,TGT,1,0,1,0,0,0,0,0,0,3,0,6,0,0,0,0,0,0,1,0,0,0,0,1,0,0,0,5,0,5,0,0,1,0,0,1,0,4,0,0,0,1,1,1,0,1,0,0,6,0,9,17,0,0,0,0,5,46,4,397189,0,1,1,8
93,GAT,0,0,0,60,0,0,0,0,0,0,0,4,1,0,1,0,0,1,0,0,5,0,0,0,0,0,1,0,0,0,0,0,10,28,6,396934,0,0,1,3,0,0,0,71,0,0,0,2,0,2,3,19,0,0,0,0,3,0,0,0,1,0,0,0
94,GAC,1,26,1,0,0,1,1,0,1,3,2,2,0,0,1,2,2,6,1,0,0,0,1,3,0,0,0,0,1,0,0,1,60,397321,10,51,1,5,2,0,0,25,2,0,1,2,0,155,2,77,8,0,4,7,8,4,1,0,1,0,0,1,1,0
95,TTC,0,0,1,0,4,0,0,2,1,0,1,2,4,15,7,8,1,0,0,2,0,2,0,1,1,0,1,0,44,80,18,8,0,7,0,0,0,0,0,0,0,0,0,0,3,6,4,1,12,0,2,2,0,42,0,0,142,1,1,0,95,396658,27,27
96,CAA,31,8,3,2,3,9,3,6,0,2,1,1,4,5,0,2,358095,13,36,9,15,0,0,1,27,1,0,2,4,3,0,2,21,1,11,2,9,9,4,10,0,3,1,5,2,3,2,3,5,3,5,2,0,7,13,6,7,0,0,0,2,0,0,0
97,AAT,3,60,4,358582,0,1,1,1,3,0,1,10,0,0,0,7,2,1,8,3,1,3,0,1,1,0,0,0,0,10,0,1,6,18,1,23,1,1,1,0,2,6,2,39,0,0,0,0,5,1,2,3,5,0,0,0,4,0,0,1,2,1,1,4
98,AAG,42,1,358364,11,17,4,11,2,1,24,44,4,5,5,11,2,4,1,14,2,0,0,0,0,1,6,0,3,2,3,2,2,5,0,63,1,10,24,27,21,3,2,3,1,7,7,2,7,4,0,34,0,29,3,4,7,1,1,1,0,5,2,8,0
99,AAA,356686,15,33,20,20,7,5,16,19,4,4,9,1,2,0,0,17,9,16,13,0,0,0,2,3,8,6,24,0,0,0,0,44,0,40,1,0,1,1,3,1,0,1,2,2,0,6,2,0,2,2,0,7,13,16,6,1,1,0,0,0,0,0,0
100,TGG,0,0,0,0,9,0,0,0,0,0,17,0,0,0,0,1,2,0,0,0,0,0,1,0,1,0,4,0,0,0,1,0,1,1,0,0,0,0,0,0,0,0,0,0,0,0,1,2,19,1,29,0,0,0,0,3,20,0,358531,13,2,21,8,10
101,GAC,0,30,2,1,0,3,0,0,0,1,1,0,1,24,0,0,1,0,0,0,0,0,0,0,2,0,0,0,0,1,0,0,13,358108,3,45,0,2,1,0,1,25,0,1,0,0,0,0,5,11,0,0,1,0,2,0,1,1,0,1,0,0,0,0
102,CTT,1,0,0,3,0,1,0,0,0,1,0,0,0,6,1,14,0,1,0,7,1,2,0,127,0,1,0,17,15,34,25,357967,0,0,0,0,1,1,0,0,0,0,0,0,2,3,7,4,1,0,2,0,3,1,0,0,9,0,0,0,2,0,3,28
103,TTT,1,0,0,0,0,1,0,0,2,0,2,0,0,0,0,10,0,0,0,0,4,0,0,1,0,0,0,0,0,1,0,5,2,0,0,0,0,4,1,0,0,2,0,0,0,0,3,6,5,19,20,14,1,0,0,6,1,0,1,4,3,62,1,358002
104,GTT,0,1,0,0,1,1,1,0,2,0,0,2,9,10,0,33,0,0,0,0,0,2,1,3,0,0,0,0,8,2,3,12,0,5,4,3,4,0,6,18,0,0,0,2,27,28,28,358302,2,0,3,0,0,1,0,0,2,0,0,0,3,0,3,6
105,GAA,34,1,0,1,0,0,0,0,0,0,0,0,1,9,2,1,1,0,0,0,0,0,0,0,0,0,0,1,0,1,0,0,358580,3,37,1,0,0,0,0,34,1,0,0,1,0,0,1,56,2,0,0,0,0,0,2,0,0,0,0,0,0,1,0
106,CGC,0,0,0,0,0,1,0,0,3,15,2,1,0,0,3,1,0,118,0,0,0,1,0,0,16,357835,25,58,1,12,0,1,0,1,0,0,0,0,1,0,0,9,0,1,0,0,0,0,1,2,6,0,0,0,0,0,1,34,0,1,1,0,0,0
107,AGC,0,115,1,0,0,13,9,4,13,357327,7,187,0,17,0,0,0,0,2,0,0,6,22,11,0,10,2,1,0,0,0,0,3,2,1,1,3,1,0,3,0,25,1,3,0,0,1,0,0,0,0,5,3,10,5,19,1,1,0,0,0,1,0,1
108,AAA,357293,37,59,20,153,52,45,108,22,92,2,48,46,2,12,4,15,38,14,92,0,3,0,7,35,27,6,2,2,8,1,2,39,8,1,11,11,10,7,7,28,1,15,12,2,2,8,0,3,95,2,55,46,21,19,18,17,3,28,0,10,15,6,9
109,GCC,0,0,1,0,6,116,25,14,21,4,0,3,0,2,0,0,0,0,0,0,0,1,3,0,0,2,0,0,0,1,1,0,0,8,0,0,59,358108,10,18,0,17,1,2,0,43,8,0,5,1,1,0,1,37,1,0,0,2,0,0,1,0,0,0
110,TAC,46,20,59,2,24,20,18,27,15,2,39,15,4,7,3,2,29,286,19,40,0,2,3,2,18,35,8,19,8,5,2,5,44,5,22,2,9,19,6,18,6,1,7,2,64,6,32,17,19,357188,14,56,10,26,35,20,0,20,4,2,1,9,2,4
111,AGC,1,35,0,0,1,0,2,2,8,358170,4,43,1,10,0,0,10,3,0,3,6,13,3,2,0,16,0,0,1,1,0,0,0,0,0,0,1,1,4,0,6,17,4,3,0,1,4,0,2,0,0,0,0,3,4,9,1,6,0,0,0,0,0,0
112,AAC,4,357815,2,72,28,19,73,72,3,81,7,17,0,5,4,0,2,4,4,2,0,0,1,1,6,2,0,0,0,0,0,0,1,9,2,8,50,19,3,12,10,2,0,8,0,2,3,0,2,1,1,0,13,104,3,45,3,0,0,2,0,1,0,0
113,TGT,3,2,0,0,1,0,0,0,0,0,0,9,0,0,0,0,0,0,0,1,0,0,1,0,0,0,0,32,1,0,1,1,0,0,0,0,0,1,0,0,0,0,0,3,0,0,1,0,1,0,3,25,0,0,0,0,10,46,2,358345,0,0,0,6
114,TAC,0,12,0,0,0,1,0,0,0,0,0,0,0,0,0,1,0,40,0,0,0,0,0,0,0,0,0,2,1,1,0,2,2,0,3,0,1,0,1,0,0,1,0,0,1,1,1,0,5,357957,9,76,1,2,0,0,1,42,0,0,0,3,0,0
115,CCT,0,0,0,0,0,2,0,11,0,0,0,0,0,0,1,1,0,0,0,31,16,166,43,355798,0,0,0,1,0,1,1,7,0,0,3,0,1,0,1,2,0,0,0,0,0,0,1,0,0,0,1,1,2,0,0,17,3,0,0,0,0,1,1,0
116,TAT,0,0,0,3,0,0,0,3,0,0,0,0,0,2,0,1,0,0,0,48,0,2,0,0,0,0,0,0,0,1,1,1,0,0,0,3,1,0,0,0,1,0,6,0,0,1,0,0,24,25,11,358446,0,0,0,1,3,1,0,12,1,1,0,3
117,GAT,0,0,0,24,2,7,2,6,0,0,0,1,4,4,0,1,1,1,0,6,0,0,0,1,0,1,0,1,0,0,0,1,30,20,17,357833,0,0,0,1,0,0,0,33,98,4,3,6,12,1,1,41,4,1,0,5,1,0,0,0,0,0,0,0
118,GTG,1,0,0,0,0,0,0,0,0,8,0,0,3,1,51,2,2,1,0,0,0,1,0,0,0,1,3,2,0,1,1,0,0,0,11,1,0,0,18,1,3,2,2,0,143,16,356853,21,0,0,1,0,0,0,0,0,7,0,0,0,0,0,16,1
119,CCG,0,43,0,7,1,14,19,5,2,3,3,2,3,4,15,3,12,33,68,9,44,231,356529,193,1,4,7,1,4,1,47,4,22,4,65,30,2,8,22,6,0,4,1,0,2,18,4,5,2,7,8,1,10,5,158,6,3,3,2,3,3,3,0,5
120,GAT,0,0,0,35,0,3,0,0,0,0,0,0,0,0,0,0,1,0,3,107,0,0,0,1,0,0,0,0,2,0,0,0,11,29,2,355852,1,0,0,8,0,1,1,14,0,0,0,2,2,0,4,35,0,0,1,1,0,0,0,0,0,0,1,0
121,TAT,0,0,1,4,0,0,0,0,0,1,0,0,0,0,1,0,0,0,0,59,0,0,0,0,0,0,0,1,4,2,7,3,0,0,0,0,0,3,0,2,1,0,2,0,0,0,0,0,7,13,7,358110,2,1,0,3,0,0,0,52,0,1,0,2
122,GCC,0,5,2,5,2,177,5,11,2,6,0,11,0,2,0,1,7,15,4,3,6,15,0,1,0,0,0,0,4,9,0,1,8,19,29,0,52,354858,30,51,2,21,5,3,1,120,2,1,1,0,0,0,8,39,3,4,0,2,0,0,6,1,2,1
123,TCC,0,13,0,0,12,17,4,9,0,2,2,2,0,1,1,1,1,0,0,0,0,39,0,1,0,0,0,0,0,0,0,0,0,7,1,6,1,2,7,2,4,0,2,1,0,2,1,1,0,5,10,0,29,358190,6,21,4,2,2,0,1,6,0,3
124,CTT,0,2,0,0,0,0,0,0,1,0,0,1,0,0,0,21,0,0,0,4,0,0,3,69,0,0,0,5,20,30,3,358247,1,0,0,0,0,1,0,0,0,0,0,0,0,0,0,2,14,0,3,0,0,0,0,0,0,0,0,0,5,0,5,7
125,AGG,4,0,8,0,0,4,1,0,34,1,356986,3,1,1,27,0,0,0,0,0,0,0,0,0,5,2,19,4,0,3,0,0,0,0,2,0,0,0,0,1,0,0,32,0,0,2,0,1,0,0,7,0,0,1,0,0,5,0,3,0,1,0,2,0
126,TCA,5,1,0,1,5,3,2,0,0,12,0,0,0,0,0,0,0,1,0,0,15,0,0,0,6,0,0,0,2,0,2,0,1,0,0,0,7,12,1,2,0,2,0,2,0,0,0,0,51,1,3,3,357029,20,24,6,8,0,1,1,10,0,0,0
127,CTA,1,0,0,0,2,3,2,1,0,0,0,0,16,1,0,2,1,2,0,1,20,0,0,1,1,0,0,0,358198,17,84,26,0,0,0,0,1,3,0,0,0,0,0,0,8,2,5,4,2,2,1,1,0,0,0,1,0,0,0,0,27,0,6,0
128,GTT,1,0,0,0,0,0,0,0,0,0,0,0,0,0,0,22,0,0,0,0,0,0,0,0,0,0,0,1,0,2,0,11,0,0,0,2,0,1,1,11,0,0,0,2,20,14,16,358701,1,0,0,0,0,0,0,0,9,0,0,0,0,0,0,7
129,GCC,0,0,0,1,0,27,0,0,0,0,0,0,0,0,0,0,0,0,0,0,0,0,0,0,0,0,0,0,0,0,0,0,1,2,0,0,52,356591,8,19,4,3,2,4,0,46,0,0,2,0,1,0,1,13,1,0,3,0,0,0,0,0,0,0
130,TCA,7,0,0,0,23,7,2,0,0,0,0,1,0,0,1,0,14,1,1,0,88,0,0,0,0,0,0,0,0,0,0,0,0,0,0,0,5,10,0,1,0,0,0,0,0,0,1,0,27,0,5,0,355176,9,19,10,2,0,0,0,5,0,0,0
131,TCC,0,0,0,0,0,11,1,1,0,8,0,0,0,5,0,0,0,1,0,1,0,28,0,0,0,0,0,0,2,0,0,0,0,0,0,0,0,0,0,0,0,0,2,0,0,5,0,0,0,26,1,0,46,357313,6,71,9,1,0,1,3,29,8,1
132,GGC,0,0,0,0,0,2,0,0,0,43,0,0,0,0,0,0,0,0,0,0,0,0,0,0,0,4,0,0,0,0,0,0,0,187,0,0,0,6,0,0,16,356798,11,69,0,9,0,0,0,1,0,0,0,0,0,0,1,32,0,0,0,1,0,0
133,ACA,11,0,0,0,355392,9,22,14,2,9,0,2,19,0,1,1,0,2,1,0,6,1,0,0,0,0,2,0,0,2,0,3,3,0,0,0,11,5,0,0,0,2,0,0,0,0,0,2,0,1,0,0,12,9,4,7,1,0,0,1,0,0,1,0
134,CTG,0,1,0,0,0,0,1,0,0,0,0,1,1,0,9,0,0,0,9,1,0,0,114,1,0,0,13,0,149,32,353734,24,0,0,0,0,0,0,0,0,1,0,0,20,1,0,1,0,0,0,0,0,0,0,0,0,0,0,0,0,1,0,21,1
135,GAG,0,0,20,0,0,0,0,0,0,1,0,0,0,0,0,0,0,0,0,0,0,2,0,0,0,0,0,0,2,0,0,1,54,1,355539,20,0,5,0,0,0,0,13,0,0,0,4,0,0,0,17,0,1,0,0,1,0,0,0,0,0,2,0,0
136,TTT,0,0,0,0,0,1,0,1,0,0,1,0,0,0,0,1,1,0,0,0,0,0,0,2,0,0,0,1,0,0,0,6,0,0,0,0,0,0,0,0,0,0,0,0,0,1,0,1,2,0,1,2,0,1,0,11,4,1,1,0,4,46,3,352060
137,AAC,10,356479,5,15,4,90,52,6,1,129,1,0,10,12,5,51,11,32,12,7,0,2,0,0,0,0,1,1,2,0,3,2,14,34,45,2,0,18,5,3,0,2,3,1,31,15,17,11,0,43,1,7,3,11,15,6,7,0,8,0,1,45,1,39
138,AAT,4,32,4,357373,30,6,12,23,0,8,0,23,6,2,0,2,9,21,10,16,16,4,9,3,1,0,3,3,0,1,2,2,8,4,27,25,13,13,19,1,3,1,2,1,4,3,6,17,0,5,3,7,42,2,3,6,0,0,3,0,2,4,1,0
139,GAA,24,0,0,0,0,1,0,0,1,0,0,0,0,0,0,0,0,1,0,1,0,1,1,1,0,0,0,0,0,1,0,0,355516,1,20,1,0,0,0,0,19,1,0,0,2,0,0,1,27,0,13,1,0,0,0,0,10,0,0,0,0,0,0,0
140,AGC,2,177,0,12,1,2,0,0,9,351412,1,70,4,26,0,6,8,18,1,9,18,9,5,1,6,9,3,1,2,2,5,7,5,3,2,3,10,3,22,28,0,25,4,0,18,6,5,3,3,4,7,2,13,9,12,1,9,3,6,2,10,8,0,5
141,TTC,0,0,0,0,0,0,1,0,0,1,0,0,1,7,0,0,0,1,0,0,0,0,0,0,0,0,0,1,1,5,0,1,0,0,0,0,0,0,0,0,0,0,0,0,0,3,1,0,0,5,2,0,0,8,0,0,3,1,0,0,10,355724,2,13
142,AAT,5,19,4,355699,1,2,1,2,0,0,1,9,0,0,1,1,1,2,2,0,1,0,0,0,0,0,1,0,0,1,0,0,1,3,2,30,0,0,0,1,0,0,1,5,0,1,0,1,3,0,0,1,1,0,0,0,1,0,0,0,2,0,0,1
143,TGG,3,0,0,0,0,1,1,1,1,0,1,0,1,0,0,0,0,0,0,4,0,2,0,0,0,0,4,0,0,5,0,1,0,0,0,0,0,0,0,0,0,1,2,0,0,0,0,0,1,1,40,2,0,0,2,0,28,1,352298,38,1,0,28,0
144,ACT,2,0,0,14,12,104,16,351505,1,0,5,3,5,1,3,17,0,2,6,11,0,1,5,19,1,4,2,0,0,1,1,0,1,0,2,1,1,2,0,45,2,0,0,0,0,3,1,0,2,0,5,1,0,3,2,2,0,0,0,0,0,0,1,1
145,GGA,0,2,0,4,21,1,3,1,27,0,0,3,0,0,1,0,2,1,0,1,1,2,0,0,0,1,0,0,2,0,0,0,21,1,5,4,1,2,0,0,341631,11,73,29,29,0,1,0,3,3,1,1,0,2,3,0,13,0,1,1,0,22,0,0
146,GTC,0,0,0,0,0,0,0,1,0,1,0,1,0,25,0,0,0,7,0,1,1,0,0,0,1,0,0,1,0,1,0,0,0,3,0,0,0,24,0,2,0,2,2,0,105,346073,9,26,1,0,0,0,5,3,0,0,0,0,0,0,3,4,0,0
147,ACT,0,6,2,13,23,165,12,354981,0,0,0,4,4,0,7,47,52,3,2,2,0,1,0,1,0,0,0,0,2,2,1,1,1,4,1,0,1,0,3,14,0,1,2,3,1,1,1,4,0,1,0,0,10,7,8,1,2,2,0,0,0,0,6,0
148,CAA,48,0,0,0,0,3,2,0,0,4,0,0,0,8,1,1,358496,0,22,4,4,0,0,1,11,0,0,1,4,0,1,1,22,1,30,0,1,0,0,0,0,1,1,0,1,0,5,3,6,1,1,0,0,0,1,3,6,0,0,3,0,0,0,0
149,AAC,7,358559,2,80,0,24,0,0,1,14,0,2,0,1,3,0,0,1,0,3,1,1,0,0,0,1,0,0,0,2,0,0,2,43,1,23,0,1,0,0,0,0,0,1,0,0,0,0,3,1,1,0,2,0,1,0,0,0,0,0,0,2,0,0
150,GGA,0,0,0,0,0,0,0,0,29,0,6,0,0,0,0,0,1,25,0,0,0,0,0,0,3,0,0,0,0,0,0,1,22,2,0,0,8,0,0,0,358193,17,87,12,26,0,3,1,0,0,0,1,0,1,0,1,14,0,1,0,2,0,2,1
151,ACA,10,22,0,4,358254,9,27,10,0,4,0,1,16,2,2,11,6,1,3,3,2,0,0,0,0,0,0,0,0,0,1,0,2,0,0,0,22,2,25,4,0,4,0,1,82,25,0,84,0,0,0,1,3,2,30,2,0,0,0,0,0,2,0,0
152,AGC,0,16,9,0,16,25,2,14,11,354271,6,22,0,11,0,0,7,0,0,1,1,0,0,0,0,2,0,0,0,0,1,0,0,0,0,0,0,0,0,1,0,15,4,0,0,1,0,0,1,0,0,0,7,8,1,0,4,2,1,0,0,0,0,0
153,TCT,0,0,1,2,1,3,0,16,0,19,0,6,0,0,0,0,0,2,0,3,0,0,0,16,3,4,0,0,1,3,2,1,0,0,1,0,1,10,16,10,2,0,1,0,1,4,0,0,6,1,1,8,41,8,17,354424,1,0,0,0,0,1,1,10
154,GCT,0,3,0,0,37,21,9,68,2,0,0,2,0,0,2,1,1,4,3,8,0,0,0,0,0,0,0,0,16,2,1,26,0,2,0,18,17,30,19,354282,0,7,14,7,0,4,2,42,0,51,0,19,1,4,2,15,1,1,15,2,29,0,0,5
155,TGC,2,1,0,0,0,0,0,0,2,3,0,0,0,0,0,0,0,1,0,0,0,0,0,0,0,36,0,0,0,0,0,0,0,0,0,0,1,0,1,0,0,7,0,0,0,0,0,0,0,37,0,0,0,0,0,0,12,355469,3,67,0,31,4,0
156,ATA,3,4,0,1,17,1,3,0,0,0,0,1,355169,7,91,4,11,0,1,1,1,2,1,1,1,0,1,0,3,0,0,2,1,0,0,0,0,0,1,0,0,0,0,0,8,0,0,2,3,0,0,0,0,0,0,0,0,0,0,0,2,0,1,0
157,AGG,0,1,21,1,0,1,5,0,38,0,356213,16,0,2,14,0,2,1,0,1,0,0,1,0,13,6,10,0,0,0,3,1,0,0,0,0,0,0,0,0,1,0,25,0,0,1,0,0,0,1,0,0,0,0,0,1,1,0,4,0,0,1,0,0
158,AGA,67,69,10,1,1,0,1,1,356569,13,25,5,31,0,0,0,14,5,19,2,1,1,0,0,3,10,5,2,0,0,1,0,5,31,7,27,12,3,3,5,58,23,9,3,1,0,0,0,0,0,0,2,0,2,1,2,4,0,0,0,0,0,0,2
159,TCT,6,0,0,7,0,0,0,8,1,7,3,2,0,0,4,0,2,1,9,1,0,4,1,7,0,0,0,0,1,0,1,0,0,0,12,4,0,0,0,4,225,0,54,208,0,1,0,0,0,5,1,32,7,59,14,355285,1,1,0,3,0,1,0,10
160,AAA,358059,11,11,6,6,5,8,5,14,4,2,4,0,1,0,0,27,12,18,7,0,0,3,0,0,6,0,4,0,1,0,2,94,1,4,0,0,0,0,4,3,0,0,1,0,2,1,0,2,3,0,1,4,2,1,3,1,0,0,0,2,2,1,0
161,AAC,8,356161,1,15,0,41,0,3,0,26,0,2,0,2,0,0,1,19,6,0,6,8,28,104,0,2,1,0,0,2,0,1,0,23,2,0,0,8,0,5,0,0,0,3,1,3,0,0,0,1,1,0,0,3,1,4,6,0,0,0,0,0,0,1
162,AGT,0,0,0,16,0,0,1,0,1,16,0,356861,0,0,0,5,0,0,0,0,0,0,0,0,0,0,0,1,0,0,0,1,0,2,0,0,0,0,0,0,0,1,2,16,0,0,0,1,1,0,0,0,10,0,5,6,0,0,0,3,0,0,0,0
163,TTC,0,0,0,0,0,0,0,1,0,0,0,1,0,0,0,0,1,0,0,0,0,0,2,0,0,0,0,0,0,8,0,0,1,0,0,0,0,0,1,1,0,0,2,0,0,1,0,0,1,1,0,0,0,19,0,0,2,2,3,0,5,357239,1,42
164,TTT,1,0,0,0,0,0,0,1,0,0,0,0,0,0,0,2,1,1,0,0,0,1,1,0,0,0,0,3,0,0,0,8,0,3,0,0,0,0,0,2,2,0,0,0,0,2,0,1,2,4,0,1,0,0,0,8,3,0,0,0,4,31,2,358250
165,AGT,0,0,0,15,3,5,2,2,3,19,0,358362,0,0,0,2,1,1,1,0,0,0,0,1,0,0,1,4,0,0,1,1,15,1,2,0,2,1,5,1,0,2,1,15,0,0,1,1,3,1,0,0,10,17,12,5,0,0,1,3,0,0,0,0
166,AGA,17,3,0,0,1,0,0,0,357628,3,21,1,26,0,0,0,0,0,0,0,0,0,0,0,0,0,10,2,0,1,0,0,0,0,0,1,1,0,0,1,27,0,0,0,0,1,0,0,0,0,0,0,0,0,0,1,4,0,0,0,0,0,0,0
167,TTG,0,0,5,0,0,0,1,1,0,0,0,0,0,0,2,0,0,0,0,0,0,0,0,0,0,1,0,0,3,16,18,7,0,0,1,0,0,3,0,0,0,1,0,0,0,1,1,1,1,0,5,0,0,0,30,2,0,1,1,0,29,0,356337,42
168,AAT,11,14,1,355756,11,0,0,4,0,0,1,7,0,1,0,1,0,1,0,1,0,0,0,0,0,0,0,0,0,0,0,0,0,0,0,12,0,0,0,0,0,0,0,0,0,1,1,0,1,0,1,0,0,0,0,0,1,0,0,0,0,0,0,0
169,TGG,0,0,0,0,0,1,0,0,0,0,1,0,1,0,0,1,0,1,2,0,1,1,0,0,0,0,3,0,1,0,0,0,2,0,0,0,0,0,0,0,1,0,5,0,0,0,0,0,0,0,13,0,0,0,0,0,26,2,357407,6,0,0,37,1
170,TTG,1,0,0,2,0,0,0,0,0,2,0,1,1,3,1,1,2,0,0,2,0,0,0,0,0,0,1,0,5,0,23,8,1,0,0,0,0,2,1,0,0,0,0,0,1,0,1,2,0,0,1,0,0,0,9,0,1,0,1,0,34,0,357066,39
171,ACC,0,9,0,0,33,355106,16,26,1,5,1,0,0,36,0,1,8,2,0,2,0,3,0,0,0,0,0,0,0,0,1,0,1,4,0,0,1,39,1,0,3,1,9,0,0,0,0,0,1,2,0,0,1,7,1,7,0,3,0,0,0,1,0,0
172,CAC,11,48,0,5,1,3,3,0,0,3,0,4,0,1,5,5,30,357046,10,162,6,26,12,15,1,10,1,2,0,3,2,4,6,2,4,0,18,7,22,7,1,8,5,4,2,0,1,1,3,9,2,1,6,17,15,13,1,2,1,1,0,2,0,1
173,TTA,5,8,10,37,6,7,4,14,4,21,11,31,16,6,3,1,3,56,9,8,2,6,5,2,1,1,4,0,78,10,1,10,95,40,61,34,17,18,28,15,6,4,13,11,10,2,1,4,1,16,15,5,89,7,19,21,6,0,6,0,355839,3,19,10
174,AAC,13,357228,1,56,0,8,0,0,0,16,1,0,0,0,0,1,3,8,2,3,3,1,3,1,1,0,0,1,0,0,0,0,4,78,10,17,0,0,0,1,9,17,1,4,0,1,0,0,1,1,1,0,5,4,2,2,0,0,2,0,2,0,1,0
175,TTC,20,101,0,27,32,11,12,13,5,50,7,9,0,3,9,2,150,101,5,17,3,12,2,8,19,28,0,0,4,19,10,6,13,9,23,30,10,37,3,21,481,460,1109,148,4,16,3,0,0,12,2,10,19,208,13,15,0,3,9,0,42,353614,7,26
176,AAA,355971,21,31,28,59,39,40,77,37,7,9,48,3,0,5,0,29,18,5,10,13,4,5,1,5,7,2,16,2,7,6,5,112,38,32,38,12,6,6,5,14,17,6,6,4,2,13,13,2,4,2,2,124,44,18,139,1,2,0,0,1,2,1,1
177,TAC,1,5,2,0,4,3,0,2,0,0,1,1,0,0,11,1,2,30,4,0,3,7,2,0,2,1,1,0,4,0,1,3,4,4,1,1,0,1,0,1,4,3,5,1,1,0,1,0,10,357075,4,48,6,7,2,2,1,13,28,0,0,160,3,30
178,CCA,3,1,1,4,28,2,3,1,0,2,0,0,0,0,1,1,21,1,2,0,356261,23,82,5,0,0,1,0,15,2,4,0,3,1,3,1,3,0,0,4,3,1,1,0,1,1,0,0,2,0,4,0,9,0,5,1,15,0,0,1,0,0,1,0
179,GCA,0,2,0,0,64,15,5,20,3,9,2,4,17,7,8,2,13,2,5,2,35,30,12,6,1,0,1,0,1,2,2,4,28,1,10,0,355982,57,25,17,9,2,2,8,100,10,4,1,0,9,1,0,27,6,2,4,1,6,7,0,10,3,0,3
180,TTG,0,1,0,0,1,0,1,2,0,1,0,3,41,4,6,3,230,0,310,1,0,1,2,0,0,0,2,0,12,13,21,16,0,0,3,2,1,0,0,1,0,0,2,0,4,2,9,1,2,4,2,5,3,3,13,1,6,0,3,1,62,4,356173,75
181,AAC,11,358122,3,84,0,4,1,4,0,21,0,1,1,1,0,1,2,2,2,8,1,6,0,2,0,0,0,0,0,0,0,3,1,30,7,1,0,0,0,0,2,5,4,2,2,6,0,3,5,3,5,1,0,1,1,4,0,0,1,0,0,1,1,1
182,GTG,0,1,0,0,1,3,2,5,0,0,1,0,0,5,47,4,0,0,0,0,0,0,0,29,1,0,2,1,2,2,6,4,0,0,7,0,0,0,12,4,0,0,2,2,56,11,356224,120,2,1,0,1,0,0,0,8,1,2,1,1,0,0,5,0
183,ACT,0,0,0,19,11,86,12,357533,0,78,0,36,0,0,3,12,0,3,2,1,0,0,0,1,0,0,0,0,1,1,0,0,0,0,0,0,0,0,1,35,0,1,3,0,6,0,0,1,0,0,0,0,0,5,17,26,2,2,0,1,0,0,0,0
184,ATG,0,0,5,0,0,0,9,0,0,1,1,0,126,2,356875,38,2,0,4,0,0,0,0,0,0,0,0,0,0,0,1,2,0,0,0,0,0,2,0,0,0,0,0,0,2,1,14,0,0,0,1,0,0,1,0,1,23,1,0,0,0,1,0,0
185,CCA,2,0,1,0,11,1,0,0,2,0,1,0,0,0,0,0,39,2,1,1,356802,5,23,3,3,3,1,1,6,0,0,0,0,1,1,0,1,4,1,2,1,0,0,0,4,0,0,0,1,0,1,0,74,0,1,0,0,0,4,0,0,0,0,0
186,AAC,19,357659,4,23,0,6,1,0,0,7,0,0,0,1,0,0,0,0,0,0,0,0,0,0,0,1,0,0,0,0,0,0,0,5,0,0,1,0,0,0,0,0,4,0,0,1,0,2,0,1,0,0,2,0,0,0,0,1,0,0,0,0,0,0
187,AAT,22,25,5,357388,1,2,2,8,3,0,1,14,0,0,0,1,3,2,3,4,1,0,0,0,2,6,12,1,5,1,0,3,0,1,5,16,1,0,1,2,1,0,0,0,0,1,3,1,2,0,0,12,2,2,4,7,0,0,1,1,2,3,8,1
188,GAA,17,7,1,2,0,0,0,0,1,0,0,0,0,0,1,0,2,1,3,1,1,0,0,0,0,0,1,0,1,0,0,0,357578,8,24,3,1,0,1,0,19,0,1,1,6,0,0,0,89,0,0,2,0,3,0,1,0,0,0,0,0,0,0,0
189,CAA,41,7,0,27,8,9,3,6,0,11,0,4,4,1,0,4,358363,10,24,10,17,18,0,20,14,2,4,6,4,2,0,10,6,7,6,1,10,6,2,0,9,4,4,3,2,3,4,3,5,1,0,0,23,4,0,0,0,3,2,0,8,0,0,0
190,TTT,0,1,0,0,1,2,1,3,1,0,1,0,0,0,0,6,2,4,0,21,9,0,0,0,0,2,1,0,0,0,0,9,1,0,4,0,0,0,0,0,1,0,0,1,0,0,0,4,1,9,7,9,0,0,1,11,1,0,2,1,0,27,2,432378
191,GAC,1,22,0,2,9,0,0,0,0,1,0,0,0,0,0,0,1,0,1,0,0,3,1,0,1,0,0,0,0,0,0,0,11,432141,4,34,0,2,0,0,0,46,0,0,0,7,0,0,0,76,0,0,5,2,0,0,0,0,0,0,0,0,0,0
192,AAA,432546,5,27,5,1,0,0,0,11,0,0,0,1,0,0,2,5,1,1,0,3,0,1,11,0,0,0,0,0,0,1,0,19,1,0,0,0,5,4,0,0,1,0,0,0,1,0,0,2,0,0,0,0,0,0,0,0,0,0,0,0,0,0,0
193,TTG,0,1,0,0,0,0,0,0,0,0,0,0,0,1,5,0,0,2,0,0,0,0,0,0,0,0,1,0,2,30,24,4,0,0,0,0,0,1,0,0,0,2,1,0,0,1,6,0,4,0,6,6,0,0,5,0,1,0,3,2,41,4,432387,75
194,TAC,0,3,0,0,0,0,0,0,0,0,0,0,0,0,0,0,1,30,3,0,0,1,0,0,0,0,0,0,0,1,0,1,0,4,0,0,0,0,0,0,0,0,0,0,0,1,2,0,25,432503,4,27,0,2,0,0,0,67,0,0,0,74,0,0
195,ATT,0,0,0,3,1,3,0,13,0,0,0,5,12,25,3,432776,0,5,0,1,0,5,0,0,0,0,0,0,2,2,0,15,0,0,1,0,1,0,0,0,0,0,0,1,3,0,1,11,1,0,0,0,0,1,0,0,0,0,0,0,0,3,2,1
196,TGG,0,0,0,2,0,0,0,0,0,0,3,0,1,0,0,0,5,0,0,0,0,0,1,0,0,0,11,0,1,1,0,0,0,0,0,0,0,0,2,0,2,0,2,0,0,0,0,0,2,0,18,0,0,0,0,0,21,0,432167,25,1,3,15,0
197,GGG,0,0,0,0,0,2,0,0,0,0,21,0,0,0,0,0,1,0,0,0,1,4,0,0,0,0,2,0,0,4,0,0,0,0,28,0,0,0,0,0,105,18,431769,38,0,1,13,0,1,0,7,1,0,0,0,1,0,0,10,0,0,0,0,1
198,GTT,1,2,0,0,1,0,0,0,0,0,0,0,0,2,0,76,0,0,1,0,0,1,0,0,1,0,0,0,1,4,1,1,0,0,0,3,4,3,1,11,0,0,3,14,15,75,9,431483,0,1,0,1,0,1,0,0,0,0,0,0,0,2,1,10
199,CTC,1,1,0,0,0,0,0,0,0,0,0,0,1,38,0,0,0,110,1,51,1,109,0,0,0,6,0,0,52,431858,16,31,0,0,0,0,0,0,0,0,0,0,0,0,0,4,4,0,0,0,0,0,0,3,0,0,0,0,0,0,2,247,4,4
200,CAC,1,41,1,45,1,9,0,4,0,1,0,1,5,2,6,8,29,432115,7,56,0,2,1,1,0,20,0,0,3,4,4,7,5,2,3,3,2,1,0,2,0,0,0,0,0,1,5,0,0,42,0,10,6,14,0,1,0,0,0,0,6,8,1,4
201,CCG,0,1,0,0,1,4,34,4,0,3,0,1,0,1,1,0,0,2,47,1,179,38,431949,119,0,0,5,0,2,4,27,0,0,1,0,0,2,5,8,2,0,0,0,1,2,3,0,0,1,1,2,1,1,5,18,1,2,0,2,0,1,2,2,0
202,GGT,0,2,0,47,1,6,1,5,0,0,0,143,0,2,0,1,1,2,1,10,6,2,0,10,0,0,0,2,0,0,1,6,2,1,5,96,55,98,32,92,13,71,35,431647,1,1,0,19,0,1,0,2,46,25,0,4,0,2,1,39,0,1,1,1
203,ACG,1,19,12,8,120,21,431353,102,0,1,6,1,0,6,190,1,1,3,2,1,2,2,1,2,0,0,0,0,2,1,1,1,1,2,24,0,5,1,62,3,5,2,14,1,3,0,1,0,3,2,5,1,31,64,86,40,0,0,6,2,3,6,1,0
204,GAC,0,62,0,1,58,27,6,3,1,2,0,3,34,46,15,10,16,26,11,4,12,7,6,7,0,0,0,0,98,135,27,19,75,431350,81,20,4,3,10,0,1,36,2,0,39,29,13,46,1,57,1,0,1,7,7,1,3,0,17,0,32,2,22,2
205,AAA,431851,30,66,27,50,33,11,3,19,0,6,1,16,9,3,6,31,14,4,7,5,0,0,2,3,0,6,4,3,1,1,1,101,12,28,18,4,8,12,2,9,8,3,0,9,3,8,16,2,31,3,0,5,1,2,3,0,1,0,0,4,13,2,2
206,GAC,0,124,0,1,0,4,0,0,0,0,0,0,0,0,0,1,0,2,0,1,0,0,0,0,0,0,1,0,0,0,0,0,3,431978,1,18,0,2,0,0,0,15,4,0,0,2,1,0,0,77,1,0,0,0,0,0,4,0,3,0,0,0,0,1
207,CAA,26,7,0,1,0,2,0,1,0,4,0,0,0,0,0,0,432445,10,8,2,4,0,0,2,9,0,0,0,3,0,0,0,3,0,6,0,3,0,6,1,0,2,3,7,0,1,0,1,8,1,0,0,3,10,2,5,0,1,0,0,1,0,0,0
208,ATC,9,104,4,10,24,116,13,3,18,9,1,7,111,431309,26,19,139,43,18,6,14,2,0,6,3,5,9,1,3,18,10,0,38,49,5,75,46,16,5,2,8,2,0,10,8,13,13,5,2,30,2,35,6,13,3,10,0,0,8,1,14,3,17,49
209,TTC,8,42,2,5,2,4,0,2,8,34,2,14,0,2,1,1,70,49,20,4,1,1,0,0,2,16,0,9,20,41,2,22,7,9,39,37,8,4,11,8,18,11,7,19,2,2,3,4,0,3,1,0,0,37,34,3,0,0,0,1,27,430568,26,45
210,CTG,0,0,3,0,0,2,0,0,1,1,0,0,0,0,24,1,1,3,15,1,1,1,51,0,0,0,3,0,58,17,432161,34,0,0,0,0,2,0,0,0,4,0,0,0,0,12,7,0,0,0,0,0,1,0,3,0,0,0,1,0,2,0,8,0
211,TAT,0,2,0,8,0,3,1,0,1,1,0,0,1,0,0,0,4,2,0,39,0,0,1,0,3,0,0,0,0,0,0,0,0,0,1,2,0,0,1,0,0,0,0,0,0,0,0,0,7,13,3,432131,1,0,0,3,0,0,0,24,0,1,0,0
212,GCT,0,1,0,0,0,0,0,158,0,0,0,0,0,0,1,0,7,0,0,0,0,3,0,12,0,0,0,1,0,0,0,0,0,0,0,21,10,122,3,431791,0,0,0,19,1,0,0,17,0,0,0,0,0,1,0,45,0,0,0,0,0,1,0,0
213,CAA,77,0,0,0,1,0,0,0,0,0,0,0,0,0,0,0,432222,9,86,12,5,0,0,0,52,0,0,0,1,0,0,0,1,1,0,0,0,0,0,0,0,6,0,0,0,0,0,0,9,0,0,0,0,0,0,0,0,0,0,0,0,2,0,0
214,GCA,0,0,0,0,63,1,0,0,0,0,0,0,0,0,0,0,0,0,0,0,0,0,0,0,0,0,0,0,0,0,0,0,70,0,0,0,431796,14,15,10,0,0,5,0,60,0,0,0,0,0,0,0,16,0,0,0,0,0,0,0,1,0,1,0
215,TCA,0,8,2,13,5,20,5,14,3,2,1,14,1,0,5,2,24,4,12,3,76,114,134,33,2,1,0,4,2,9,3,0,10,9,29,3,10,14,18,11,17,4,26,13,0,6,8,3,25,1,3,0,431548,9,245,19,3,0,1,0,39,3,1,1
216,GGA,0,3,0,3,10,9,0,1,8,2,0,5,0,0,0,0,3,4,0,3,8,1,5,4,0,0,0,0,0,0,0,0,15,5,1,0,5,2,1,18,432001,32,71,12,14,0,0,2,5,0,7,1,1,0,4,0,41,0,8,3,0,0,0,1
217,AGG,1,13,108,3,11,28,74,28,35,18,430618,108,2,10,128,4,22,7,35,17,16,35,24,17,1,80,37,29,14,8,19,3,11,9,7,17,4,8,13,6,10,14,112,10,4,1,47,24,0,0,0,2,31,18,50,75,0,2,14,4,14,3,9,3
218,ATC,0,2,0,6,5,45,0,0,0,2,0,0,75,430779,3,28,0,0,2,0,0,0,0,0,0,0,0,0,0,1,0,0,0,0,0,0,0,0,0,0,0,0,1,0,6,72,34,16,0,0,2,0,0,0,0,0,0,0,0,0,0,5,0,0
219,ACA,9,1,0,0,431830,13,93,24,1,0,0,2,68,0,0,6,3,3,2,5,3,0,0,0,1,0,0,1,0,0,0,0,8,2,8,0,47,1,0,2,0,0,1,1,1,2,3,0,0,0,0,1,13,0,0,4,0,0,0,0,0,1,2,0
220,GTC,0,1,0,1,0,0,0,0,0,0,0,0,16,27,0,5,1,5,2,0,2,1,0,0,0,0,0,0,3,1,0,0,1,0,0,2,3,12,1,0,1,0,0,2,95,431857,22,49,5,0,1,1,0,1,0,0,1,0,0,0,1,5,0,0
221,TCT,0,2,3,0,3,3,4,3,0,19,2,4,1,0,3,0,16,3,1,1,0,0,1,16,0,0,0,0,0,2,1,0,1,1,0,0,2,3,12,10,2,3,4,3,0,1,3,6,6,0,0,9,46,164,28,431965,2,2,2,2,0,0,1,19
222,ACC,0,7,0,0,85,431612,13,21,0,3,0,0,0,17,0,0,0,0,0,0,0,2,0,2,0,1,0,0,0,0,1,1,0,0,0,0,8,12,5,0,1,1,1,0,0,0,0,0,1,0,4,0,1,2,1,0,17,0,0,0,0,0,0,0
223,AAA,431639,22,57,12,13,2,14,4,19,16,19,17,2,6,2,0,39,10,8,1,1,2,1,0,14,12,3,8,1,1,1,3,26,2,3,2,13,7,4,7,7,9,9,3,2,1,0,1,3,0,3,0,47,24,26,34,1,0,0,0,4,1,5,2
224,AGA,49,1,0,21,27,26,10,14,430191,2,66,9,68,13,8,25,2,34,8,9,0,6,0,0,61,11,6,9,8,15,2,15,10,3,35,2,1,10,2,4,278,1,4,3,11,2,2,11,2,5,0,6,2,29,9,2,7,1,3,1,17,10,15,23
225,AGC,2,88,2,3,15,33,79,21,10,429611,7,162,0,9,8,0,10,1,6,7,4,0,0,1,0,7,1,3,0,0,1,1,3,7,2,1,1,3,3,0,11,32,4,16,2,3,2,2,3,3,4,0,14,20,22,12,0,8,0,1,1,3,1,4
226,CAA,29,3,1,5,5,8,6,5,2,11,0,5,8,8,2,7,431509,8,59,5,6,0,1,0,14,1,0,2,7,6,3,7,23,1,4,0,1,3,22,1,1,1,0,0,8,9,12,11,12,4,0,3,8,0,3,0,3,0,1,1,0,0,2,1
227,CAA,10,1,0,1,4,0,7,2,1,0,0,4,0,2,1,0,431476,6,26,3,3,0,0,1,9,1,1,0,4,4,0,0,5,0,0,0,3,0,0,4,0,0,10,2,4,1,1,5,16,0,2,0,1,0,0,0,3,0,0,1,0,2,1,3
228,ATC,0,5,0,2,17,22,19,12,1,1,1,0,102,431494,6,70,1,2,1,2,0,1,0,1,1,0,10,3,1,9,5,0,5,4,18,7,2,1,1,1,0,0,0,0,15,37,16,8,7,0,0,0,2,0,4,4,2,0,1,0,1,5,2,0
229,GTA,0,5,4,0,0,1,1,0,0,0,0,0,144,34,1,2,4,2,3,0,0,1,0,2,0,0,1,2,14,1,0,2,7,0,2,5,31,1,1,2,4,0,0,0,430471,22,128,42,3,1,7,2,0,0,0,1,13,3,0,3,6,1,0,0
230,AGC,6,25,16,2,8,60,53,37,19,430719,26,131,16,105,8,20,8,10,28,19,3,6,2,5,1,8,3,7,18,31,14,10,10,4,8,0,10,33,13,5,2,39,3,0,12,16,27,5,0,13,0,25,5,10,2,6,2,6,8,3,12,25,15,30
231,CCG,0,2,1,4,12,3,49,11,0,34,4,53,6,30,4,24,3,8,46,5,157,43,429975,86,0,1,3,0,0,4,29,2,5,3,5,1,37,34,103,36,1,5,5,5,15,11,33,23,1,2,1,0,9,10,23,16,6,8,2,11,3,2,4,4
232,AAT,51,40,14,429670,23,19,11,33,4,18,7,28,51,33,13,9,26,7,5,8,1,4,0,2,7,3,9,13,2,8,6,2,53,53,26,94,14,9,0,4,5,0,0,0,55,5,63,77,0,7,0,7,79,5,10,0,1,2,5,2,35,0,4,4
233,ATC,4,6,1,2,9,30,2,0,3,3,2,1,110,429675,5,128,17,1,3,1,1,4,1,2,2,1,1,1,17,28,1,54,15,19,23,4,0,5,0,4,11,5,11,6,38,44,9,29,3,6,5,4,1,3,0,0,0,4,1,1,32,7,4,10
234,GGA,1,0,0,0,19,1,3,6,15,6,0,28,5,18,3,17,0,19,4,15,0,146,2,0,8,2,0,0,3,1,6,3,22,8,5,13,17,27,13,5,424097,9,55,45,36,1,7,6,4,6,3,40,8,46,6,34,56,1,1,1,4,2,16,2
235,TCT,6,7,2,16,27,8,20,19,4,4,1,19,14,32,52,13,18,23,25,15,23,113,13,89,2,2,6,1,11,5,36,40,87,48,64,78,8,13,17,18,6,4,12,3,13,23,18,37,3,7,2,64,18,124,37,425961,4,5,8,12,30,10,10,41
236,AGA,60,3,7,10,56,28,3,2,427559,10,55,15,187,52,16,22,14,8,3,2,9,4,4,3,10,20,8,13,62,49,39,18,50,42,44,11,13,32,7,7,65,1,2,5,28,59,8,23,0,8,1,3,41,7,34,4,2,3,110,2,11,18,30,12
237,CCC,1,1,0,1,7,27,5,1,0,2,0,2,1,6,4,4,2,31,0,1,71,427889,16,150,2,2,0,0,1,12,0,3,0,5,0,0,12,30,9,16,1,1,0,0,0,4,3,4,1,2,2,0,4,27,6,3,3,0,1,0,52,3,0,1
238,AGA,22,19,9,6,11,60,18,18,425156,154,46,51,66,13,8,5,7,10,6,4,46,48,60,26,18,2,5,16,25,24,13,16,19,67,34,14,29,60,24,32,204,35,14,7,2,21,14,8,0,15,0,7,28,41,26,32,6,2,35,1,17,10,11,13
239,GTA,2,2,7,3,2,1,3,1,123,1,0,5,91,12,5,2,2,0,4,0,6,7,4,4,1,0,0,0,13,9,5,13,4,4,3,3,35,3,1,4,1,1,4,6,425681,32,40,42,13,1,3,0,0,0,1,1,4,1,1,5,61,4,1,1
240,AGG,4,11,36,9,1,2,11,3,22,4,425733,38,132,5,67,2,71,48,91,7,9,31,27,7,5,3,36,12,1,7,4,11,14,8,40,7,18,5,14,11,29,1,38,0,6,9,8,4,2,1,0,9,3,1,5,6,0,3,12,5,5,2,20,7
241,AAT,31,31,1,432299,6,6,1,18,0,4,0,16,0,0,1,2,2,3,4,8,8,0,1,0,0,2,0,1,0,1,0,3,3,0,3,25,2,6,0,1,12,39,40,23,0,1,2,0,2,0,6,2,10,2,2,3,1,0,0,0,5,0,1,0
242,ATC,3,53,0,13,118,341,11,12,6,103,2,32,60,431024,15,23,109,27,18,8,0,0,0,0,0,0,1,0,9,16,5,6,2,0,2,4,1,0,0,2,2,2,16,3,17,159,78,23,1,5,1,2,50,22,11,10,1,1,0,0,14,14,2,11
243,CCT,2,64,2,34,369,118,313,278,0,23,2,38,0,25,1,8,22,13,25,55,35,83,61,430170,0,0,0,1,0,1,1,4,30,57,40,36,16,20,20,14,108,24,43,63,3,3,3,3,1,3,0,1,23,18,54,107,3,1,1,3,4,4,0,1
244,AGC,0,13,0,0,3,3,2,0,15,432007,2,193,0,19,0,0,0,1,0,0,0,1,3,0,1,3,0,1,0,1,0,0,0,0,0,0,16,7,12,3,0,16,0,8,0,0,0,0,2,0,2,0,15,17,17,9,1,0,0,0,0,0,0,1
245,AGA,35,0,1,0,0,1,0,0,431549,16,28,2,36,2,0,4,0,2,1,3,0,1,2,1,10,17,12,10,1,4,3,3,0,1,0,0,4,2,0,5,36,2,7,11,2,2,3,0,3,6,4,3,0,5,0,0,8,0,3,0,1,2,3,143
246,ATA,7,0,1,15,10,0,0,1,16,0,1,1,430858,5,21,31,1,0,4,1,3,1,2,1,0,1,0,0,8,2,0,3,11,2,1,0,6,0,0,0,0,1,0,0,19,0,2,0,2,0,0,1,0,0,1,0,0,2,0,0,7,0,3,0
247,AGC,5,44,5,5,2,17,6,1,17,428399,6,110,8,13,0,26,2,14,1,4,0,1,0,0,0,8,5,0,0,4,7,0,4,7,4,0,11,2,3,5,3,43,11,4,3,2,1,0,7,7,12,0,14,4,3,6,4,3,1,0,7,0,0,0
248,ATC,1,2,1,1,2,17,0,0,3,2,0,1,64,424410,5,27,0,0,2,1,0,0,0,1,0,0,2,1,2,4,1,3,2,0,1,0,0,0,0,4,0,0,0,0,2,10,21,3,2,0,1,2,0,0,2,0,1,0,0,0,7,6,1,9
249,TAT,0,1,2,8,1,0,1,0,0,0,0,0,1,0,0,0,5,6,1,68,1,0,0,0,1,0,2,1,1,1,0,2,1,0,0,0,1,0,1,0,0,1,0,0,1,0,1,0,1,39,5,429908,1,0,1,2,1,0,0,12,3,0,1,3
250,TGG,0,0,0,0,0,0,2,1,0,4,7,3,0,0,0,2,2,24,0,10,2,2,3,3,0,0,9,5,2,0,4,1,1,0,0,2,0,5,0,0,1,3,2,2,0,0,0,0,0,59,32,17,1,1,0,0,48,2,429633,50,0,3,43,18
251,ACA,6,2,1,1,431404,58,25,10,1,1,0,1,11,0,0,1,0,0,0,2,2,1,0,1,0,2,0,2,1,1,0,0,0,0,0,0,45,0,0,3,0,2,2,0,0,7,1,0,0,0,1,0,1,0,2,1,0,0,1,0,0,0,0,0
252,ATA,5,0,0,0,17,0,1,0,4,0,2,0,430621,29,67,11,13,6,1,0,1,1,0,1,0,1,0,0,5,3,1,13,0,1,0,1,1,1,2,1,0,0,2,1,27,7,8,11,2,0,2,0,0,1,0,4,2,0,0,0,14,0,7,0
253,GTA,4,0,0,0,0,0,1,1,1,1,0,0,22,1,1,0,1,1,0,0,0,1,0,1,0,2,0,1,2,0,0,2,3,0,0,0,27,0,1,0,1,1,5,0,430790,6,78,18,0,0,0,1,1,1,0,0,1,0,0,0,13,0,0,1
254,AAA,431125,31,25,5,5,1,0,0,17,0,0,0,2,0,0,0,8,3,5,0,13,13,3,3,1,3,8,0,0,0,0,0,18,0,0,0,1,4,1,3,0,2,0,0,0,0,0,0,3,0,0,0,1,3,4,0,0,0,0,0,0,3,0,0
255,CCG,2,0,0,0,0,0,28,0,1,1,0,5,0,0,0,1,1,2,42,1,116,45,431592,46,4,1,2,3,0,0,25,0,0,1,0,0,2,3,3,0,1,0,0,1,0,0,0,0,1,0,1,0,0,0,23,2,2,1,0,0,0,1,0,0
256,GGA,0,1,0,1,0,1,2,0,13,0,1,1,0,1,2,0,0,18,0,0,0,0,0,0,4,0,2,0,0,0,0,1,17,2,1,6,3,0,1,2,430958,6,92,21,7,0,1,0,1,2,0,0,0,0,0,5,1,0,0,0,0,0,0,0
257,GAC,0,19,0,0,0,0,0,0,0,0,0,0,1,0,0,0,1,1,1,1,0,0,0,1,0,0,0,0,0,0,0,0,14,431605,3,30,10,1,0,0,0,14,1,0,0,1,0,0,1,47,2,0,0,0,4,2,4,0,0,0,0,0,0,1
258,ATA,6,2,0,2,58,36,5,30,3,6,0,4,431617,22,66,14,19,2,3,1,0,0,0,0,2,0,0,0,11,3,0,5,24,1,15,1,2,1,9,2,0,2,0,1,40,14,0,15,11,1,0,3,2,7,7,18,1,11,1,16,4,1,2,1
259,CTT,1,1,1,0,0,0,0,0,0,0,0,1,2,0,1,14,0,5,0,1,0,0,1,32,0,2,0,6,34,26,17,431822,0,2,1,0,0,2,0,0,2,1,0,0,0,0,2,4,8,0,1,0,0,0,1,0,0,0,0,0,11,14,7,10
260,TTG,5,26,5,33,5,8,4,2,1,16,1,38,5,11,31,19,48,62,29,32,0,0,0,0,0,0,4,0,13,66,34,13,13,9,28,0,50,37,49,8,3,4,24,13,6,5,11,11,1,35,5,23,24,11,69,23,7,9,14,8,65,32,429657,200
261,ATT,0,0,0,5,0,1,1,3,0,0,0,5,4,55,6,431701,0,1,0,0,0,0,0,0,0,0,5,0,3,0,1,2,0,0,0,0,1,1,0,3,0,1,0,2,1,3,0,16,0,0,3,0,0,0,2,1,0,0,0,0,1,0,1,2
262,AAC,17,431478,2,128,4,1,2,0,0,39,1,0,0,3,0,0,1,1,1,1,1,0,0,0,2,0,1,0,1,0,0,0,5,34,1,4,1,0,0,0,0,3,1,0,0,0,0,0,0,0,2,0,2,2,0,0,0,0,0,0,1,0,0,0
263,AGC,0,70,0,1,4,7,4,6,16,429666,8,64,2,6,8,0,2,18,0,3,0,0,2,0,2,8,0,2,0,1,0,0,1,0,3,1,22,12,34,21,5,47,0,2,0,0,0,0,0,1,0,1,3,19,11,16,0,2,3,0,1,4,0,9
264,ACA,5,0,1,0,430536,38,151,16,1,6,4,4,10,0,0,0,0,0,0,0,1,0,2,1,0,0,1,3,0,0,0,0,0,10,2,1,9,3,0,1,0,0,0,0,0,1,0,0,0,2,2,1,6,1,4,1,0,0,1,4,0,0,0,1
265,GGG,0,0,0,0,0,0,0,0,1,2,17,0,1,0,0,1,0,2,0,0,0,0,1,0,1,0,2,1,1,0,0,0,1,1,33,4,0,1,0,2,47,26,430842,112,0,0,19,0,1,0,0,0,2,3,5,2,3,0,51,0,3,1,7,0
266,AAT,5,32,1,431416,4,1,1,10,2,1,0,18,0,0,4,11,1,1,0,2,9,7,0,4,0,0,0,0,0,0,0,0,3,2,0,18,0,0,1,0,4,5,15,7,2,1,2,0,0,0,0,4,0,3,0,1,0,0,0,0,0,0,0,0
267,CTA,1,0,0,0,3,0,0,1,0,0,1,0,22,5,4,2,4,1,0,0,36,0,0,0,1,1,3,0,430680,28,40,57,0,1,0,1,1,0,0,2,0,0,1,0,5,0,0,1,1,0,2,1,1,0,0,1,4,0,3,1,44,21,23,27
268,ATT,1,5,6,9,0,0,0,14,0,0,0,5,36,35,4,431797,0,1,0,1,0,0,0,0,4,0,0,4,0,2,16,9,0,0,0,1,2,1,0,0,0,0,0,0,5,12,5,15,0,0,1,2,0,0,2,1,2,0,0,0,0,3,4,3
269,GCT,1,0,0,0,0,1,0,32,1,0,0,0,0,1,0,0,1,0,1,0,0,0,0,0,0,0,2,0,5,0,0,1,0,0,0,14,19,47,29,430602,3,0,4,7,1,2,0,28,0,0,0,0,3,0,0,18,1,0,1,1,0,0,0,1
270,CCT,0,0,0,0,0,0,2,33,0,0,0,0,0,1,1,0,0,0,0,30,26,82,18,430777,1,1,0,3,0,0,1,6,0,0,0,0,0,1,2,0,1,1,0,0,0,1,0,0,0,0,1,0,0,1,0,9,0,0,1,0,0,0,0,0
271,AGG,0,0,18,0,0,0,0,0,32,0,432231,26,0,0,11,0,1,0,2,2,0,0,1,1,2,13,16,5,1,0,0,1,0,0,0,0,0,1,0,1,0,0,19,2,0,0,2,0,0,0,0,1,0,0,0,0,0,3,3,0,2,0,4,0
272,GGT,0,0,1,0,0,0,0,0,0,0,0,13,0,0,0,0,0,0,0,0,0,0,0,0,0,0,0,0,0,0,1,0,0,0,0,31,0,1,2,0,11,43,29,432363,0,0,1,5,1,1,0,1,1,0,0,0,0,0,0,19,0,0,0,0
273,TAC,0,3,0,0,2,0,0,0,0,0,0,0,0,0,0,0,0,32,1,1,0,2,0,0,0,0,0,0,0,0,0,0,1,2,0,1,0,0,0,0,1,0,0,0,0,0,0,0,9,432385,0,74,1,2,5,1,0,20,0,0,0,2,0,3
274,TTC,0,0,0,0,1,6,0,1,0,0,1,0,0,3,1,0,0,2,0,1,0,0,0,0,0,0,0,0,0,70,0,0,0,0,1,0,0,0,0,0,0,3,0,0,0,6,0,0,1,41,1,74,1,65,1,0,21,6,2,7,25,431751,3,54
275,AAA,432237,5,43,2,3,1,1,5,32,0,12,4,3,4,2,6,3,2,0,0,12,13,0,4,12,17,8,12,0,5,0,2,32,0,0,2,1,1,0,1,0,0,0,0,0,3,3,2,2,0,1,1,2,0,0,4,1,0,0,0,4,6,2,3
276,ATA,3,1,0,0,31,0,2,1,2,0,2,0,430065,29,40,13,1,1,1,2,0,0,0,0,0,1,0,0,61,37,32,69,0,0,1,1,0,3,0,0,0,0,2,0,17,7,9,14,0,5,1,6,0,1,0,3,1,0,1,3,46,11,30,9
277,CGA,9,20,23,26,15,33,4,8,83,6,10,18,9,16,15,14,66,23,15,14,4,7,0,13,430506,16,91,28,35,17,17,25,12,12,3,4,6,17,11,18,145,89,102,140,12,12,21,15,0,3,1,4,17,13,8,26,47,3,0,3,9,7,2,7
278,AGT,4,10,13,78,9,4,175,8,26,28,17,431082,0,1,57,12,9,50,22,19,45,19,23,44,7,9,4,32,1,31,0,4,24,11,19,18,4,1,7,3,4,9,6,44,5,4,4,1,3,4,0,13,14,13,26,8,0,1,1,5,0,1,5,2
279,GGG,1,0,0,0,0,0,2,5,0,0,40,1,0,0,4,0,6,1,0,1,1,2,0,1,2,0,3,3,0,1,0,2,0,0,25,0,2,0,1,0,66,12,430343,25,1,0,20,2,0,1,0,0,3,2,1,1,1,0,47,1,0,0,0,1
280,AAA,432360,35,35,32,8,14,2,1,19,2,0,3,1,1,0,0,17,16,0,11,8,0,0,0,6,4,34,7,1,0,0,2,64,2,1,0,10,3,8,3,0,5,2,7,1,8,1,2,1,8,0,0,1,6,1,4,2,0,0,0,1,0,0,1
281,AGC,0,97,2,0,0,0,0,0,12,431977,1,54,0,10,0,0,0,2,0,0,1,1,0,0,1,6,0,0,0,1,0,0,0,2,0,0,2,10,11,7,4,135,3,9,0,1,0,1,0,1,0,0,9,4,11,2,1,5,0,1,0,1,1,2
282,TCA,1,1,0,3,11,5,8,12,2,9,0,4,1,0,2,0,0,1,0,3,31,0,0,0,0,1,0,2,1,2,0,0,0,4,0,2,19,2,0,3,0,4,3,0,0,4,0,0,25,0,0,5,432176,17,54,20,0,7,1,0,2,0,0,2
283,ATA,4,0,1,2,22,0,0,0,1,0,1,2,431952,43,42,42,0,1,0,1,0,0,0,0,0,0,0,0,7,2,1,12,1,0,0,1,4,3,2,0,0,0,0,0,46,23,10,8,2,2,0,1,0,1,0,0,2,0,4,4,0,0,1,3
284,ATG,1,0,6,3,0,0,12,1,1,0,2,0,66,29,431426,73,2,2,3,0,0,0,0,0,0,1,0,0,13,7,14,7,5,0,3,0,2,0,0,0,0,0,3,1,11,18,40,5,3,0,0,0,0,0,1,1,0,1,2,1,7,6,7,1
285,AGA,57,0,3,0,4,7,3,6,446001,5,28,4,68,9,1,10,4,5,16,2,0,3,0,0,24,18,44,3,0,28,8,7,4,2,0,0,0,4,1,0,52,1,0,0,5,16,4,2,1,1,0,0,1,4,5,2,2,0,0,1,8,1,8,0
286,TCA,0,0,0,0,27,39,8,4,0,14,0,22,0,5,0,2,2,1,0,1,17,7,0,0,0,7,0,0,1,1,0,1,1,2,0,3,1,1,2,0,0,0,0,1,0,0,0,0,55,0,0,0,446620,59,268,28,0,0,1,0,25,0,11,0
287,GAT,0,0,0,21,0,0,0,1,0,0,1,0,0,0,0,0,0,2,2,0,0,0,0,0,0,0,0,0,0,0,0,0,12,11,2,447219,0,1,0,0,0,0,0,21,0,0,0,0,0,0,2,15,0,1,0,1,0,0,0,0,0,1,0,0
288,GCA,0,0,0,0,68,1,0,0,1,0,0,2,1,2,4,3,1,0,4,1,1,0,0,0,2,0,3,1,5,0,2,3,19,0,0,0,446468,15,41,5,35,0,0,1,125,7,1,1,0,0,4,0,19,1,1,8,1,0,0,0,5,1,0,0
289,CCC,14,1,3,1,3,25,0,0,0,2,3,1,7,7,1,1,1,43,0,1,53,447093,8,30,0,4,3,5,1,16,2,3,0,0,0,0,0,2,1,0,1,1,0,1,1,4,16,0,1,0,0,0,2,39,0,1,0,0,0,0,0,0,0,0
290,ATT,0,0,0,1,0,1,2,25,0,0,0,1,11,47,6,447308,0,0,0,0,0,0,0,0,0,0,0,0,2,7,0,2,0,1,1,0,1,0,0,0,0,0,0,1,5,3,2,12,4,0,2,1,0,0,0,0,0,0,0,0,1,0,0,2
291,GGC,9,1,7,1,15,15,7,27,21,39,0,7,29,21,5,22,3,5,0,5,1,0,0,0,2,12,1,4,13,3,1,0,1,90,0,2,7,13,0,5,36,445987,27,178,15,78,0,23,0,1,0,1,8,19,2,16,0,44,0,0,8,3,2,23
292,AAA,446092,28,34,5,4,8,3,2,30,0,0,2,15,0,2,0,16,8,0,19,2,7,0,4,0,11,4,5,5,2,1,2,20,0,1,4,1,2,1,0,0,0,1,2,0,9,1,1,3,1,0,2,1,8,2,10,0,0,0,0,6,0,1,2
293,TGC,0,0,0,0,0,0,0,0,0,16,1,0,0,0,0,1,0,6,0,0,0,0,1,0,1,17,0,0,1,3,2,1,0,1,1,0,0,1,0,0,0,13,5,0,0,0,4,3,4,80,1,3,0,0,1,0,5,446721,9,166,0,18,0,0
294,AAT,29,45,12,446535,4,17,6,24,18,2,0,21,4,2,2,15,5,6,0,48,0,0,0,0,5,6,19,6,13,6,0,4,1,0,0,22,0,1,0,2,2,1,6,0,11,2,3,42,1,8,0,34,12,2,6,3,0,2,19,0,1,14,10,9
295,TCT,3,0,4,5,9,1,2,14,3,29,3,11,12,8,1,4,11,17,0,16,0,1,0,5,0,8,6,1,13,21,1,26,8,1,0,0,10,10,2,14,5,0,4,0,0,3,3,2,0,10,0,68,20,160,11,446302,0,1,10,7,12,12,0,44
296,GAA,48,0,4,13,3,4,4,2,0,3,0,11,12,4,18,0,12,13,5,2,2,18,10,5,11,2,1,0,6,8,5,11,446528,17,30,1,6,12,11,6,50,1,1,3,15,0,19,5,46,0,0,0,8,13,1,3,3,1,2,0,3,0,13,13
297,TGC,0,0,0,0,0,0,0,0,0,9,0,0,0,0,0,0,0,1,0,0,0,0,0,1,11,9,0,0,1,0,0,0,0,0,0,0,0,0,2,0,0,0,0,0,1,0,0,3,1,32,1,1,4,7,0,1,14,446948,0,186,0,15,0,4
298,ATC,1,0,0,0,1,32,0,3,0,0,1,0,86,447016,1,66,1,8,1,5,0,0,0,1,0,0,0,0,4,19,1,2,0,0,0,0,1,0,0,1,0,0,2,0,5,39,11,3,0,1,0,0,0,0,0,1,0,2,0,0,5,6,2,1
299,ACT,0,2,0,9,23,150,8,447169,0,1,0,9,0,0,0,17,0,0,0,0,0,0,0,0,0,0,0,0,0,0,0,0,0,0,0,0,0,0,0,10,0,0,0,0,2,0,0,0,0,1,0,0,2,2,0,2,0,0,0,0,0,0,0,0
300,CCA,0,0,0,0,40,0,0,0,0,0,0,0,0,0,0,0,26,0,0,0,446953,6,70,12,1,0,1,0,8,0,0,0,2,0,0,0,0,0,0,1,0,0,0,0,0,0,1,0,2,0,0,0,6,0,0,0,0,0,0,0,0,0,0,0
301,AAT,11,23,1,446855,0,2,1,1,0,1,0,6,0,0,0,4,0,0,0,11,0,0,2,0,0,0,0,0,0,0,1,3,0,0,1,19,0,0,1,1,0,0,0,0,0,1,2,1,0,1,0,0,0,1,0,0,0,0,0,0,1,1,0,0
302,GGA,1,0,0,0,0,0,1,1,15,0,1,3,0,0,0,0,0,1,0,0,0,1,0,0,0,0,0,0,0,0,0,0,16,1,0,0,3,0,1,0,446741,12,101,13,15,0,0,0,1,0,1,0,0,0,0,0,20,0,0,0,0,0,2,0
303,AGC,1,68,0,0,5,0,0,0,22,446546,3,160,0,15,0,0,0,0,0,0,0,2,0,0,1,6,0,0,2,0,0,1,0,0,1,1,0,2,0,0,1,31,0,0,0,0,0,2,0,0,1,0,3,12,1,4,3,1,0,0,1,0,0,0
304,ATT,0,0,0,4,0,0,0,8,0,0,2,5,10,54,5,446317,0,0,0,0,0,0,3,1,1,0,0,0,7,5,12,9,0,0,1,0,0,0,0,0,0,0,0,0,2,0,11,5,0,0,0,1,0,0,0,0,0,0,0,5,22,2,3,5
305,CCC,1,11,4,2,0,33,7,0,2,3,0,4,1,11,2,0,11,34,2,1,34,446695,12,51,0,5,0,1,2,13,2,1,3,2,3,0,7,12,2,6,7,13,3,3,0,1,5,3,1,1,1,0,0,40,10,7,0,0,0,0,3,1,2,6
306,AAT,4,178,4,446263,2,4,2,12,8,2,0,25,6,7,2,2,0,1,4,7,1,1,1,4,6,2,0,8,5,0,1,3,1,0,0,31,0,10,4,4,2,0,2,4,2,7,0,5,0,7,1,0,14,5,1,3,0,0,1,1,0,3,5,0
307,GAC,1,36,1,5,0,2,3,10,1,1,0,1,2,5,2,5,1,5,1,4,0,0,0,0,0,0,4,0,4,1,7,0,34,446614,6,14,5,9,5,9,4,66,4,3,11,11,6,3,0,74,0,9,4,7,9,8,0,1,0,0,0,3,4,1
308,AAA,446477,26,25,0,8,3,1,1,33,1,9,1,4,0,1,1,2,1,1,0,3,1,0,0,8,16,1,13,3,8,8,4,17,0,0,1,0,1,2,1,1,0,0,1,5,2,1,2,4,0,0,2,1,0,1,1,1,0,0,0,2,0,20,0
309,CCA,0,2,0,0,34,1,0,0,0,1,0,0,6,2,1,2,46,0,1,2,446616,21,37,11,3,0,0,0,20,1,2,2,0,0,3,0,3,0,3,0,0,0,1,0,2,9,0,1,2,0,15,1,21,0,0,0,0,0,2,0,5,0,4,2
310,TTC,1,0,1,0,0,0,0,0,0,0,0,0,0,6,0,0,0,0,0,0,0,0,1,0,0,0,0,0,0,16,0,0,2,0,0,0,0,0,2,1,0,0,3,0,0,2,0,3,1,3,0,2,0,43,0,0,0,2,3,2,51,447117,2,35
311,CAA,27,1,0,0,0,0,0,0,0,0,1,3,0,0,1,0,447071,7,37,2,4,0,0,0,14,0,1,1,4,0,0,0,1,1,0,0,0,0,0,0,0,0,1,1,0,0,5,0,12,0,3,0,0,0,0,1,0,0,0,1,0,0,0,0
312,AAT,7,19,5,447120,4,2,1,6,3,26,0,28,0,2,0,1,0,3,0,8,0,0,0,0,1,0,0,1,0,0,0,0,0,0,0,15,2,0,1,3,0,0,0,0,0,1,0,0,1,0,4,2,10,6,10,7,0,0,2,5,0,0,0,0
313,GTA,0,0,2,0,1,2,1,1,2,1,1,0,107,18,3,11,0,1,7,0,0,0,0,0,0,0,0,0,35,9,0,14,1,0,0,4,23,0,0,0,1,6,0,0,446718,36,57,55,1,2,1,0,0,0,0,0,0,2,1,1,36,1,7,0
314,AAC,20,446873,5,86,1,4,0,1,0,27,0,1,0,1,0,0,1,26,1,69,19,2,0,1,0,1,0,0,1,0,0,0,3,14,0,3,6,6,6,5,0,0,0,0,1,0,1,0,1,4,3,1,1,3,1,0,1,0,0,0,0,2,2,4
315,AGG,32,10,57,0,19,10,23,18,52,17,445007,82,6,6,67,12,15,19,29,15,58,43,50,42,68,57,32,14,5,7,10,16,1,2,0,0,9,9,3,5,0,1,65,1,8,8,7,13,0,9,0,12,17,12,17,8,1,2,8,0,34,2,16,6
316,ATC,2,7,2,1,0,22,0,0,3,2,2,0,99,446667,12,49,3,9,0,1,0,0,1,0,2,0,0,0,1,6,0,0,2,1,0,6,0,2,0,0,1,3,0,1,1,30,15,4,0,5,1,5,0,0,0,6,0,0,5,1,5,3,0,2
317,ACA,14,1,0,5,445889,55,39,24,5,7,0,9,62,4,9,10,1,4,2,5,4,0,0,0,0,0,0,1,1,0,0,0,0,0,0,0,31,1,2,2,0,0,0,0,4,14,14,0,1,2,1,1,2,8,10,17,5,2,0,1,0,7,0,1
318,TAC,0,2,1,2,0,1,0,1,1,0,0,0,0,3,1,3,0,33,0,2,0,1,0,0,0,1,0,1,2,0,0,1,1,3,0,0,0,0,0,3,0,0,12,0,1,0,0,0,47,446524,4,166,0,9,0,0,0,32,5,0,0,12,0,9
319,GGG,0,0,0,0,0,0,2,0,0,0,33,0,0,0,0,0,0,4,2,10,0,1,2,0,0,0,0,0,0,0,0,0,1,0,10,0,0,0,0,0,58,9,434486,39,2,0,8,0,1,0,2,0,0,2,0,1,0,0,22,0,1,0,1,0
320,GCC,10,10,29,21,12,122,5,2,4,22,22,11,3,1,22,1,1,4,12,6,4,57,2,11,3,19,20,2,7,6,1,1,4,41,11,2,108,444487,17,53,12,52,7,6,1,100,5,1,0,3,1,4,0,21,28,11,2,0,4,1,3,22,0,0
321,TGT,1,0,0,0,0,0,0,0,0,0,0,14,2,0,0,1,0,0,0,0,0,0,4,1,6,0,0,163,0,0,0,0,0,0,0,1,0,0,0,2,0,0,0,25,0,0,0,2,1,0,1,85,139,0,0,1,3,147,1,445896,0,0,0,8
322,CCC,0,0,0,0,1,34,0,0,0,1,0,0,0,0,0,1,1,31,1,0,55,445297,32,30,0,1,0,0,1,19,0,2,0,0,0,1,1,2,0,0,1,2,2,0,1,0,0,0,0,0,2,0,2,15,0,1,0,0,0,0,0,0,0,0
323,AGA,33,6,3,3,20,20,15,12,444936,17,55,9,49,10,3,4,5,4,9,6,3,1,2,1,22,7,1,1,29,6,0,8,4,0,2,2,11,5,9,1,72,0,9,0,17,4,13,13,1,8,0,6,10,6,0,3,11,1,15,2,21,13,0,14
324,TAT,0,0,3,2,1,2,0,2,0,0,0,1,1,0,0,0,3,1,0,14,1,0,21,0,0,0,1,0,0,1,0,0,1,0,2,3,0,0,0,0,1,0,0,1,0,0,4,0,9,31,4,445715,0,0,0,2,0,0,2,60,1,20,0,17
325,GTT,1,0,0,0,0,1,1,1,0,0,5,0,16,12,1,66,0,1,1,0,0,1,0,0,0,0,1,1,2,1,1,4,1,0,0,4,0,2,0,14,1,0,0,2,12,44,46,444543,1,0,0,0,0,1,1,0,1,1,0,2,0,0,1,12
326,AAG,70,8,445929,87,4,10,13,3,9,1,31,4,5,2,6,13,4,10,10,19,0,0,0,0,7,0,5,20,2,5,7,4,0,0,39,0,3,0,1,3,1,0,0,0,13,3,8,6,0,4,4,2,2,3,4,5,0,6,1,2,2,3,5,1
327,CAA,19,2,2,0,6,7,1,1,3,3,3,0,4,4,4,1,445921,18,34,17,6,2,2,5,11,2,1,0,6,22,13,21,0,0,0,2,7,8,6,4,1,1,0,2,5,5,1,3,34,1,0,8,14,13,15,4,0,4,9,0,12,9,4,2
328,AAC,61,444071,7,35,4,35,4,5,3,48,34,24,1,4,4,0,19,8,6,1,8,20,15,1,16,13,14,6,4,0,2,1,3,35,2,15,17,20,4,4,12,26,22,8,0,1,5,2,2,5,2,4,13,6,11,12,3,0,0,4,4,2,5,0
329,ACT,1,7,0,16,30,59,22,443531,0,5,0,35,0,0,0,12,1,6,5,40,0,0,1,3,1,0,0,0,0,0,0,0,0,0,1,0,1,1,0,6,2,0,2,1,1,0,0,0,5,0,1,3,7,16,2,26,1,0,0,0,1,0,0,1
330,CTG,0,0,0,0,1,0,0,1,1,1,0,0,4,6,54,11,2,0,8,0,2,1,99,0,0,0,2,0,30,9,443617,52,0,0,0,0,1,0,0,0,0,0,0,0,0,1,2,0,0,1,1,0,0,1,1,0,0,0,0,0,10,0,30,1
331,AAA,443362,6,64,5,3,5,0,4,20,4,12,0,5,0,2,1,12,1,6,0,1,1,0,0,4,2,13,7,21,17,6,16,25,2,1,0,0,7,0,1,0,1,0,0,1,6,0,2,4,0,2,0,0,2,1,0,21,0,0,0,17,0,3,0
332,TTG,2,1,0,1,0,0,3,1,0,0,0,0,0,2,11,9,1,0,1,0,0,0,0,1,1,1,2,0,29,30,18,2,1,0,0,4,0,0,0,0,0,1,0,0,0,4,7,1,3,1,8,3,1,0,12,1,0,1,16,0,74,3,443860,51
333,GCA,0,21,0,0,46,3,1,0,0,0,0,0,0,0,0,0,5,0,0,4,0,0,0,0,0,0,2,0,0,3,2,0,15,0,2,0,443916,41,40,13,5,8,1,0,152,0,0,0,1,1,1,0,24,1,0,0,2,0,1,2,1,1,2,0
334,ACA,8,10,9,1,443872,67,316,37,1,0,5,5,55,3,14,11,1,0,10,2,5,2,0,0,2,0,0,0,13,19,13,8,2,1,1,1,25,2,1,3,0,3,0,0,3,6,11,10,4,0,0,4,2,0,0,0,4,2,0,1,4,1,3,5
335,GGG,0,0,1,0,0,0,0,0,0,0,22,5,0,0,0,0,1,2,0,0,16,1,3,0,1,1,0,0,6,0,1,0,0,2,18,2,0,0,14,0,105,28,432915,53,0,1,34,1,2,0,8,1,1,0,0,0,0,0,40,0,0,0,0,0
336,ATG,0,0,5,0,2,0,3,0,0,0,1,0,52,0,443955,12,1,1,5,0,1,0,0,0,0,0,0,0,0,0,1,6,1,0,0,0,7,0,0,0,0,1,0,1,0,1,19,2,0,0,9,0,0,0,0,1,1,1,0,0,1,0,2,0
337,CGA,3,0,13,0,0,0,0,1,51,0,19,4,0,2,0,0,39,0,0,1,1,0,0,0,446402,26,42,32,57,0,1,1,0,2,1,0,0,0,1,1,6,0,1,0,1,1,1,1,6,1,0,0,0,1,0,0,129,0,0,0,2,0,0,7
338,AAT,11,21,5,447159,2,0,0,2,0,0,0,20,0,0,0,3,0,0,0,3,0,3,0,0,0,2,0,0,2,0,0,0,0,0,0,15,0,0,0,3,1,0,0,0,0,0,0,0,8,0,0,2,1,0,1,0,0,1,0,0,1,0,0,0
339,GTA,23,25,6,7,9,6,3,20,12,14,7,6,101,13,8,41,6,13,6,16,0,0,0,0,5,7,22,15,17,16,9,3,4,1,2,2,48,5,4,0,2,2,1,2,446158,17,150,36,0,4,0,8,12,12,8,2,2,4,4,3,49,8,2,19
340,CCA,40,12,19,6,14,0,0,1,45,0,66,0,3,1,6,1,79,24,19,17,444853,61,120,53,19,29,80,25,14,5,12,3,1,0,0,0,17,1,10,5,7,6,2,19,1,17,3,6,0,0,0,0,21,2,0,1,8,3,1,0,34,3,3,1
341,GAG,0,0,29,1,4,50,7,3,101,8,5,21,11,1,5,5,2,2,21,0,9,7,8,4,2,2,0,0,1,0,1,1,96,16,443985,34,7,8,14,13,17,17,39,17,3,1,7,0,5,2,41,2,22,13,13,15,14,3,1,1,0,5,10,7
342,AAA,445944,10,41,0,6,1,10,10,62,3,29,2,6,3,11,9,14,4,9,9,5,11,0,2,13,4,47,21,8,2,12,11,98,0,3,0,3,4,10,8,1,1,7,1,21,3,10,5,11,3,1,1,2,0,4,5,1,3,1,3,18,14,40,18
343,CAA,42,13,16,11,54,8,10,7,3,22,2,15,1,1,9,2,444290,6,30,5,6,4,3,1,46,7,14,8,19,13,1,12,53,0,11,7,8,4,9,3,3,3,2,20,9,13,11,4,12,1,0,1,5,6,16,11,2,2,3,2,13,16,3,2
344,ACT,4,6,6,40,20,40,33,438538,1,4,14,18,5,3,6,10,7,3,19,12,32,23,7,15,1,1,4,2,1,9,25,1,3,17,9,4,12,8,13,39,7,13,5,14,15,17,19,17,33,6,4,13,5,2,8,8,5,4,2,6,7,15,7,7
345,AGA,28,0,6,0,1,2,1,0,429090,0,58,5,11,0,0,0,0,1,1,0,0,0,0,0,48,3,11,5,0,1,0,1,0,0,4,0,2,0,1,0,16,0,1,2,0,0,0,1,3,0,2,0,0,0,0,0,11,3,0,0,0,0,0,0
346,GGC,0,1,2,1,1,8,0,2,0,17,0,3,2,0,0,0,0,1,1,0,0,0,0,0,0,2,4,1,5,0,0,2,2,35,0,0,2,10,1,5,53,445648,29,59,2,7,1,1,1,0,1,0,1,1,0,0,1,31,4,1,0,2,0,1
347,ATA,6,0,0,1,41,0,0,1,3,0,1,2,444988,39,81,41,0,0,0,0,0,0,0,0,0,0,0,0,17,9,0,8,4,0,0,0,4,1,1,3,0,0,0,0,24,2,11,2,0,2,1,0,2,0,0,0,1,0,0,4,9,1,4,31
348,TTT,0,0,0,0,0,0,0,0,0,1,0,0,24,3,0,16,0,0,0,0,1,1,0,3,0,0,0,0,3,15,8,41,1,0,0,0,1,0,0,2,0,0,1,2,0,5,3,8,0,1,0,3,0,3,3,7,3,1,1,4,54,33,20,443143
349,GGC,9,5,5,0,6,12,5,2,10,55,14,17,1,1,5,0,5,3,2,1,1,0,0,2,1,21,10,3,4,1,4,11,0,26,1,1,22,12,3,6,62,443465,43,372,0,13,0,4,0,0,2,0,14,10,14,6,4,23,1,1,6,4,5,0
350,GCA,8,0,0,0,180,0,0,1,0,17,2,10,1,1,4,2,1,0,1,1,3,1,2,0,2,0,0,1,8,29,10,11,22,4,1,1,444267,39,63,30,4,8,8,6,28,1,1,1,6,0,0,2,38,6,0,9,4,1,0,6,5,1,6,2
351,ATC,0,2,0,0,0,17,0,0,0,2,0,0,78,445402,27,90,0,2,0,0,0,3,0,0,0,0,0,1,8,13,14,7,0,0,0,0,1,2,2,0,0,0,0,0,13,34,6,14,1,0,0,0,0,0,1,0,0,1,1,1,5,4,8,2
352,GCG,0,0,0,0,0,0,103,0,1,5,0,4,0,0,1,0,0,0,0,1,0,0,0,0,0,1,0,0,0,0,0,0,1,2,20,0,72,20,446017,118,1,1,9,1,0,0,23,0,1,5,0,0,10,5,7,5,1,1,0,0,0,0,0,0
353,GGT,0,0,0,1,0,0,0,0,0,0,1,15,0,0,2,0,2,0,0,0,0,0,0,0,0,0,0,1,0,0,0,0,0,0,0,51,0,1,5,1,15,83,72,446667,0,0,1,6,1,0,2,2,0,0,0,4,26,1,0,15,0,0,0,0
354,TTC,0,0,1,0,0,0,0,0,0,0,0,1,1,4,0,3,0,1,1,0,0,2,0,0,0,0,0,0,0,18,0,2,3,1,3,0,2,0,0,0,0,0,0,0,0,7,1,1,2,12,0,1,0,44,0,0,1,1,10,0,15,446278,5,38
355,ATA,1,0,1,1,36,3,0,1,4,0,0,0,446619,16,89,18,11,0,1,1,1,2,3,1,1,0,0,2,22,20,3,18,0,1,0,0,4,3,1,1,0,2,0,0,67,4,9,19,9,1,0,0,7,0,0,1,9,4,0,1,15,1,4,1
356,GAA,19,1,0,2,0,0,2,0,0,0,0,3,9,0,2,3,6,7,0,0,3,2,1,0,1,1,0,2,1,0,1,0,446295,9,52,17,3,9,1,4,18,14,0,3,6,4,0,4,22,1,1,2,1,2,0,2,1,0,1,0,0,9,0,1
357,AAT,13,19,3,445362,1,3,0,31,0,0,0,5,0,0,0,6,21,8,0,22,0,0,0,0,0,1,0,0,3,13,0,1,0,0,0,5,0,2,0,0,0,0,0,3,0,0,0,0,10,11,0,28,25,8,0,18,0,0,0,0,3,3,0,9
358,GGT,3,0,0,2,2,0,0,0,0,0,0,26,0,0,2,0,1,4,0,0,0,1,0,1,0,0,3,0,0,0,0,4,0,0,1,41,0,1,0,2,66,34,2,446052,0,0,0,9,5,0,1,0,2,0,0,0,0,4,0,41,0,0,0,0
359,TGG,0,0,0,0,0,1,3,0,0,1,1,0,0,0,0,3,4,0,0,0,1,1,1,0,0,1,13,5,0,0,1,0,0,0,0,0,1,1,1,2,1,0,1,1,0,0,0,1,26,0,48,2,0,0,0,0,68,0,446259,21,0,0,42,3
360,GAG,0,8,29,7,17,15,5,14,0,10,0,3,6,1,20,0,1,4,5,2,8,2,3,8,0,0,0,0,4,7,11,12,88,8,446189,63,2,3,6,3,7,6,62,8,1,6,13,12,1,10,27,17,12,12,3,13,1,7,3,6,2,1,31,5
361,GGA,4,2,0,2,4,1,1,0,31,2,3,23,0,1,0,1,0,2,1,1,0,0,0,0,5,0,1,1,1,3,0,0,46,0,0,0,1,6,0,15,445216,16,50,37,32,1,0,0,1,1,0,2,1,0,1,2,29,2,0,55,1,0,1,0
362,ATG,8,2,21,4,2,2,19,2,0,6,0,13,34,3,444598,52,2,2,2,2,2,0,3,4,0,0,0,0,48,25,12,23,0,0,0,0,0,0,0,2,0,0,0,0,1,1,19,1,4,1,16,1,1,2,0,0,4,1,0,1,29,4,26,8
363,GTG,44,25,20,7,33,47,50,23,12,10,5,13,24,24,121,26,28,18,61,6,8,0,0,0,26,34,8,8,47,28,36,27,13,2,27,0,19,18,41,29,0,0,1,1,133,26,444225,126,0,69,1,25,15,22,26,21,7,74,3,18,35,36,90,85
364,GAT,1,11,0,48,9,3,5,10,4,0,0,9,3,4,1,3,4,5,2,8,1,15,0,1,0,0,0,1,1,0,1,3,38,61,3,446396,2,1,0,4,0,0,2,24,8,7,2,8,0,2,2,44,3,1,1,5,0,0,1,0,2,1,0,0
365,GGT,0,0,0,0,0,0,0,1,0,1,0,39,1,0,4,0,1,0,0,1,0,2,0,1,1,0,0,2,0,0,2,1,2,0,0,23,1,3,0,7,19,52,20,446606,1,1,0,12,0,0,1,0,0,0,0,1,0,1,3,54,0,0,0,4
366,TGG,2,2,0,2,2,0,1,2,0,1,1,0,0,0,1,1,2,1,0,1,1,1,0,0,0,1,19,1,2,0,1,0,0,0,0,0,0,1,0,0,2,0,1,0,0,0,0,0,2,0,57,2,1,3,2,0,69,0,446543,16,1,0,46,0
367,TAC,0,6,1,1,0,1,0,1,0,0,0,0,0,0,0,1,3,60,0,0,1,0,0,0,0,0,0,3,0,0,0,2,0,1,0,0,0,0,0,0,0,0,0,0,0,0,0,2,19,446332,8,425,0,0,0,1,2,24,0,1,40,7,0,12
368,GGT,0,0,0,2,0,0,0,0,0,0,22,33,0,1,0,0,0,0,2,0,0,1,0,0,0,0,0,2,1,1,0,0,16,14,0,55,0,0,3,3,15,53,63,446661,0,0,0,8,2,0,0,3,6,0,1,0,6,0,4,42,2,2,0,5
369,TTC,1,0,0,0,13,0,4,0,1,0,1,0,1,2,1,4,0,0,0,1,1,0,0,0,0,0,0,0,0,13,0,0,0,0,0,0,1,0,1,1,0,3,0,0,0,1,0,0,4,37,1,11,72,29,0,11,2,5,19,0,14,446579,1,97
370,AGG,9,0,29,7,2,1,8,0,211,3,446011,11,4,0,76,4,4,0,26,1,1,0,0,0,34,9,49,2,1,9,4,2,3,0,0,1,3,2,3,6,1,0,230,0,1,1,7,4,2,2,1,7,3,2,1,0,4,0,18,11,1,0,4,1
371,CAT,0,0,0,22,0,0,0,0,1,2,0,0,1,0,3,1,5,106,4,446267,0,0,0,3,0,4,1,5,0,0,0,3,0,0,0,5,0,0,0,3,0,0,0,0,0,1,1,3,0,4,7,51,0,2,1,0,7,0,1,1,1,10,23,14
372,CAA,30,0,5,0,13,15,6,17,5,6,4,13,10,34,16,36,446270,14,47,31,2,0,0,0,49,1,21,6,130,11,6,25,48,11,13,11,25,11,1,35,0,0,1,1,23,13,30,7,50,21,1,25,18,13,11,16,3,2,64,4,16,10,16,15
373,AAT,2,51,4,446524,1,1,0,1,0,0,0,18,0,1,0,8,0,2,0,1,0,0,0,0,0,0,0,0,4,0,0,0,0,2,0,9,0,0,0,0,0,0,4,0,0,0,0,0,1,0,0,9,1,1,1,0,1,0,0,1,0,0,0,0
374,TCT,2,33,2,17,13,4,4,18,3,10,0,18,35,4,10,13,17,30,7,5,1,3,2,14,4,1,2,1,45,10,22,8,15,21,10,14,30,10,18,11,30,19,18,4,10,1,37,4,5,16,0,75,38,147,22,445924,1,13,12,20,16,19,9,36
375,GAG,1,2,19,6,0,1,0,0,3,0,0,0,0,0,1,0,31,3,21,2,0,0,1,0,2,0,0,0,2,3,4,0,93,18,445468,96,7,2,11,1,5,3,125,1,0,1,16,1,4,2,26,4,2,0,0,0,6,1,7,1,1,1,2,4
376,GGA,0,2,0,0,0,1,1,5,38,0,0,0,0,1,0,0,0,0,2,0,1,0,0,0,1,2,1,0,8,2,1,0,60,5,1,1,2,0,0,0,446536,74,90,79,16,0,0,1,3,1,9,0,4,3,1,0,22,0,2,0,0,1,1,2
377,AGA,69,9,4,8,44,7,16,22,445484,29,177,83,89,28,8,33,22,32,8,5,0,2,0,5,24,19,27,16,5,19,8,31,22,7,7,3,11,20,26,2,55,7,21,8,25,10,17,19,1,19,2,28,7,15,25,2,3,2,14,0,24,25,22,9
378,GGA,1,1,0,0,2,0,0,1,41,0,2,2,0,0,2,0,1,1,0,2,1,1,0,0,1,3,0,0,0,3,0,0,30,0,0,0,4,1,0,0,446564,23,137,50,54,6,1,0,0,0,0,2,1,1,0,0,53,0,1,0,1,0,7,0
379,CAA,12,0,0,0,25,23,16,6,0,0,0,0,1,2,27,3,446473,23,158,9,6,0,0,0,28,0,1,1,3,4,2,4,21,4,15,4,3,0,0,3,1,1,2,2,1,1,4,0,14,8,4,20,3,7,5,10,4,0,5,3,0,2,4,7
380,GCA,2,1,0,0,47,3,3,4,0,1,10,10,0,2,0,2,3,0,1,1,3,0,0,1,1,0,0,0,2,0,7,0,18,1,2,17,382498,26,33,23,1,0,1,0,61,2,37,43,1,0,1,0,34,11,8,3,1,9,0,2,0,6,0,2
381,GCA,1,1,0,0,55,0,1,2,0,8,0,14,0,1,1,0,0,0,4,0,8,2,2,1,0,0,0,0,0,0,0,0,7,2,0,1,381922,22,144,36,8,1,2,1,95,1,2,0,16,9,1,0,36,3,4,9,2,0,0,1,2,0,0,1
382,GAT,0,0,1,21,0,0,0,2,0,4,0,3,0,0,0,0,0,3,0,3,0,0,1,0,4,1,1,0,0,0,2,1,9,50,6,381834,6,1,2,2,0,1,1,17,0,0,10,18,2,0,2,22,0,0,29,1,0,0,0,0,0,0,2,0
383,CTC,8,0,15,0,2,8,4,4,12,8,33,4,24,49,14,3,32,28,14,16,3,85,0,2,45,21,14,25,59,382232,21,12,6,0,12,1,0,30,40,3,0,10,1,3,18,19,46,11,3,17,4,21,4,5,3,5,2,2,28,5,16,26,20,2
384,AAA,381698,9,31,9,15,61,18,51,58,34,41,14,21,14,34,14,45,47,20,8,23,23,24,58,11,1,54,13,19,15,20,24,47,29,22,18,14,14,12,31,10,35,48,43,29,53,22,51,4,9,1,5,20,31,9,41,1,0,24,2,26,17,8,28
385,AGC,0,76,1,0,81,42,17,17,12,381220,5,179,0,14,2,0,3,2,0,4,0,0,1,3,0,10,19,2,0,1,1,0,0,0,0,0,28,8,8,20,2,269,2,2,2,1,5,7,1,0,1,1,22,13,17,16,2,11,0,8,1,0,32,0
386,ACT,0,1,0,14,20,120,9,382192,0,10,2,22,0,0,1,17,0,0,0,0,0,0,0,8,0,0,0,1,0,1,1,0,0,0,0,0,0,0,0,9,4,0,2,0,2,0,1,47,2,0,0,3,2,1,12,4,1,0,4,0,5,0,0,1
387,CAA,43,10,2,1,2,4,0,1,6,4,4,1,5,4,2,2,382362,3,51,1,0,1,0,0,41,5,16,5,1,0,0,1,12,0,5,13,12,5,1,1,2,0,1,3,3,1,6,4,5,0,0,0,2,5,52,1,0,0,0,0,0,0,0,0
388,GCA,10,5,12,22,176,11,6,5,6,13,55,16,7,5,6,6,5,17,17,5,1,1,0,0,2,13,13,2,4,8,2,1,22,3,15,3,382065,28,28,23,7,4,6,7,142,4,8,5,0,13,2,3,65,17,4,4,0,5,23,3,3,4,3,9
389,GCA,0,0,0,0,111,3,8,2,0,3,0,5,14,0,0,7,0,0,0,0,0,0,1,0,0,2,1,0,0,1,0,0,9,0,0,0,382365,9,23,29,8,2,0,0,110,1,11,3,1,0,1,0,28,5,1,16,5,5,0,4,0,0,0,0
390,ATC,5,6,9,0,7,32,5,2,44,19,58,8,64,381779,35,150,16,66,22,30,0,3,0,0,93,25,35,37,11,26,29,12,8,2,18,1,9,9,14,12,0,10,2,2,20,81,23,8,0,4,3,6,2,9,7,8,5,3,8,1,12,6,19,8
391,GAT,11,11,1,197,18,15,24,9,0,11,4,25,0,2,3,3,8,3,20,9,1,0,0,0,8,1,10,5,2,2,1,3,7,73,20,381689,4,6,5,4,11,17,18,40,0,5,3,3,0,0,4,62,15,18,12,5,1,0,2,1,1,1,2,2
392,CAA,124,9,11,3,4,15,14,1,0,3,11,14,5,6,14,20,382269,7,52,13,3,0,0,0,50,3,1,1,11,16,18,14,11,0,13,0,17,20,28,7,16,17,32,35,9,26,35,15,18,7,3,5,4,7,5,1,14,5,6,8,1,5,4,5
393,ATC,0,5,0,0,0,9,0,2,1,1,0,0,109,382444,6,49,3,0,0,0,0,1,2,0,0,0,0,0,1,20,11,15,1,0,0,1,0,2,0,0,0,2,3,0,12,34,18,7,0,1,7,0,0,0,0,0,3,4,0,1,7,3,4,0
394,AAT,15,31,11,382042,9,15,9,17,10,1,4,38,0,0,2,0,11,5,5,19,10,0,11,0,3,6,4,2,0,0,0,0,10,19,11,48,19,9,12,4,15,3,19,4,0,1,1,1,1,1,0,0,47,15,12,16,2,1,0,2,0,2,0,0
395,GGG,4,3,8,0,6,0,3,10,3,1,40,0,7,0,0,2,0,0,3,2,0,0,1,0,1,2,3,1,0,4,4,1,0,11,37,1,0,2,3,0,59,3,382465,19,4,1,13,0,1,0,0,0,0,1,2,2,0,0,30,1,2,0,0,0
396,AAG,124,17,382231,32,0,3,3,0,2,0,25,0,0,0,0,0,6,0,7,0,0,2,0,0,1,0,5,2,1,0,0,1,0,0,22,0,0,1,4,5,4,10,5,6,1,0,0,1,0,0,2,0,12,1,0,0,0,2,0,0,1,0,0,0
397,CTG,0,0,2,2,0,0,0,0,0,0,0,0,1,0,23,5,0,2,5,0,0,0,83,0,0,0,11,1,45,2,381746,53,0,0,1,0,2,0,0,0,0,0,0,0,0,1,9,8,2,3,5,13,0,8,0,0,0,2,1,0,6,6,66,11
398,AAT,9,25,10,380978,6,0,0,21,3,1,9,53,2,2,2,3,2,2,0,5,0,0,0,0,2,1,4,3,3,1,2,1,2,9,4,63,4,3,1,3,39,13,21,16,13,1,7,1,0,1,0,8,1,1,8,2,0,2,3,2,0,0,0,1
399,AGA,48,23,8,7,11,12,5,16,381900,102,65,2,42,0,5,1,4,12,6,9,3,2,0,1,13,5,10,13,2,2,2,4,0,1,2,1,8,7,16,14,72,5,21,1,0,6,3,5,5,1,0,0,11,11,6,1,5,0,1,1,2,0,4,0
400,TTG,1,0,0,0,10,0,1,0,0,0,2,0,9,6,14,4,0,0,0,27,1,2,0,0,2,0,4,0,21,16,38,21,0,1,1,1,1,1,0,0,1,1,1,1,10,19,51,32,0,6,8,4,1,1,6,0,1,1,16,0,32,8,382378,70
401,ATC,2,38,4,1,12,43,1,4,1,3,3,3,85,381964,21,190,4,0,1,0,0,1,0,0,1,0,0,0,17,8,3,11,1,1,0,0,3,0,3,1,3,0,1,2,8,62,55,6,0,7,1,4,3,1,1,1,1,0,1,1,3,3,0,1
402,GGG,6,5,1,2,3,6,5,4,1,0,56,3,2,3,3,4,7,25,4,3,5,37,3,6,2,3,5,4,4,2,2,1,0,3,39,9,8,0,5,3,129,22,379983,76,5,1,34,13,0,4,2,5,4,5,6,1,0,4,65,12,0,4,7,9
403,AAA,382096,16,36,3,12,7,0,6,17,1,24,6,0,0,0,0,10,4,3,0,0,2,0,2,0,13,6,4,0,0,0,0,31,2,2,8,15,10,2,4,7,2,7,1,2,2,8,1,1,1,0,3,1,4,6,0,1,0,3,0,0,0,2,1
404,ACC,0,14,7,6,69,382276,83,18,0,8,1,6,0,14,2,1,1,0,3,1,1,36,0,2,3,6,5,2,0,2,1,0,4,7,4,2,8,38,9,11,6,22,21,26,8,1,6,3,0,15,0,0,5,14,5,16,1,9,0,0,1,0,0,0
405,AAC,16,382923,4,72,2,9,2,13,0,36,1,8,1,2,3,1,5,6,3,1,0,0,0,0,0,0,0,0,0,0,0,1,3,22,13,2,0,5,7,1,5,6,19,14,1,7,1,0,0,1,0,0,9,7,10,5,0,0,0,0,0,0,0,0
406,GAG,4,4,32,0,4,5,7,6,4,43,1,16,5,6,10,7,23,5,8,0,15,3,12,3,4,2,4,4,7,4,1,7,29,6,382257,38,13,13,22,11,1,3,32,4,13,5,33,14,3,3,44,3,4,12,43,4,3,1,2,0,12,7,11,2
407,AAA,382641,10,35,7,9,0,0,0,17,0,6,0,1,0,9,13,4,1,19,2,0,0,1,0,15,1,3,2,41,1,0,0,20,2,14,1,3,6,3,0,0,4,0,0,5,1,2,1,4,1,2,6,0,0,0,0,1,1,0,2,0,0,0,1
408,TTC,2,1,0,1,0,0,0,0,0,2,0,0,0,23,4,0,2,0,2,4,3,0,0,0,0,2,0,0,1,8,1,0,1,6,0,2,4,2,2,7,1,0,2,0,2,1,3,0,0,30,0,4,0,18,1,1,0,8,5,1,33,382470,1,36
409,CAT,1,1,4,28,0,2,2,1,2,2,1,0,1,0,0,0,4,50,4,382733,0,2,1,2,1,3,1,20,0,0,1,4,0,0,0,1,0,1,1,1,1,1,6,1,0,0,0,0,1,2,0,9,1,0,1,3,0,0,1,4,0,0,1,3
410,CAG,4,0,27,7,9,1,8,3,0,10,2,4,0,0,4,0,46,0,382384,26,1,0,6,1,1,2,53,0,0,0,0,1,2,1,13,0,3,1,17,11,6,4,10,16,6,0,4,1,0,0,25,2,4,7,1,8,1,0,1,0,0,1,0,0
411,ATT,0,0,0,4,1,0,1,13,0,0,1,1,9,93,1,381227,1,0,0,0,1,0,1,0,0,0,0,1,0,0,0,0,0,0,0,0,0,3,0,1,0,0,1,1,0,0,6,12,0,0,1,0,0,0,1,0,1,2,4,0,0,1,3,1
412,GAA,5,0,4,1,0,0,0,0,0,0,0,0,8,0,0,1,1,1,0,8,0,1,0,0,0,0,0,0,1,0,0,0,382401,9,16,13,3,0,1,1,21,1,1,1,3,0,0,2,36,0,2,1,1,1,0,0,3,1,1,0,1,1,0,1
413,AAA,382419,6,486,1,10,2,1,0,21,0,1,3,0,0,0,1,10,2,2,1,1,2,2,1,0,2,4,13,0,0,0,0,7,0,1,0,0,1,1,0,0,0,2,0,0,0,1,1,0,0,2,0,1,1,1,0,2,0,0,0,5,0,0,0
414,GAA,35,6,0,0,2,2,0,2,0,1,0,3,0,0,4,6,1,10,1,1,0,0,0,0,0,0,1,1,2,0,0,1,381747,13,26,15,1,4,6,0,35,0,5,2,1,1,5,1,9,0,2,15,11,0,2,2,2,0,0,1,5,0,0,3
415,TTC,0,1,0,1,1,0,1,1,1,7,2,3,1,7,1,0,0,7,2,1,0,2,0,0,0,0,0,0,3,8,0,0,4,14,4,0,4,4,16,1,1,2,0,2,2,9,7,1,1,7,1,19,2,8,2,4,1,1,16,2,45,381966,3,23
416,TCA,2,2,0,3,2,0,12,23,1,4,1,3,0,9,5,1,0,1,2,6,38,10,0,3,19,1,5,5,0,3,0,15,7,6,4,41,2,0,1,1,3,0,17,6,4,1,10,9,26,2,0,3,379684,20,187,15,1,0,4,0,38,0,3,0
417,GAA,12,7,0,0,1,4,0,1,1,3,0,0,6,0,0,0,2,0,0,1,0,1,0,1,0,0,0,0,0,3,1,3,381022,6,28,8,6,0,0,1,19,0,3,0,11,0,0,0,4,0,0,0,3,8,0,3,0,0,0,1,0,0,1,0
418,GTC,6,0,1,4,4,2,1,10,4,1,14,8,1,59,2,6,0,0,2,3,6,3,0,0,10,0,6,1,3,13,8,0,3,8,3,4,7,27,1,8,4,2,4,2,60,380444,17,63,0,5,0,3,4,4,1,3,0,0,14,1,8,19,2,5
419,GAA,41,0,0,2,1,0,0,0,0,0,0,0,1,0,0,0,1,0,1,0,0,0,0,0,0,0,0,0,0,1,0,0,380603,21,57,8,3,1,2,1,40,3,5,4,1,0,0,0,25,0,1,0,2,1,0,4,0,0,0,0,0,0,0,0
420,GGG,3,4,0,1,1,3,3,1,0,1,31,3,4,3,0,1,0,0,0,1,0,2,0,11,0,0,1,2,0,1,0,0,1,3,21,0,1,0,1,0,46,23,375930,84,9,9,14,4,0,1,0,0,1,6,0,0,0,0,39,0,0,7,1,0
421,AGA,29,0,2,0,3,1,0,1,379749,4,57,3,34,2,5,1,0,0,0,0,1,0,0,0,12,10,4,24,1,1,0,0,3,1,0,1,2,0,2,0,54,0,3,1,1,1,2,7,0,0,0,1,0,1,2,1,12,0,0,90,3,0,0,0
422,ATT,0,0,0,6,0,9,1,11,1,1,0,7,4,19,10,379663,0,0,20,1,0,8,0,0,0,3,0,4,7,0,1,12,2,0,1,0,0,3,1,0,0,2,1,0,5,6,23,17,0,0,0,1,1,1,0,1,2,0,4,0,2,3,9,5
423,CAG,0,2,31,0,0,6,1,2,1,0,2,1,0,0,4,0,49,3,375290,63,0,0,9,1,1,0,136,0,0,3,56,5,0,0,1,0,6,1,18,0,2,1,10,5,3,4,1,4,0,1,24,0,7,1,0,0,1,0,4,2,0,1,0,0
424,GAC,0,144,0,0,0,2,0,1,0,0,2,5,0,1,1,0,3,2,0,0,1,3,0,0,0,7,0,0,0,2,3,1,67,376967,4,41,2,2,4,0,0,23,2,1,0,6,2,1,10,11,0,2,5,3,1,1,0,0,2,0,1,2,1,0
425,CTT,1,0,0,0,0,1,2,6,4,0,0,3,9,9,6,72,13,0,1,20,0,3,0,59,0,2,1,5,29,36,32,376436,0,0,2,0,0,1,0,3,0,3,0,1,7,8,19,36,1,0,0,0,1,0,0,0,0,1,1,0,2,0,32,19
426,GAG,1,2,15,0,3,3,1,2,0,0,0,1,0,0,50,0,0,2,3,3,0,0,0,0,1,0,2,1,0,0,0,2,43,0,380103,19,0,3,2,3,0,0,35,2,0,0,4,1,0,0,23,0,3,1,3,1,1,0,0,0,0,0,0,1
427,AAG,91,9,380642,26,8,9,14,30,10,1,36,13,3,5,8,2,7,2,6,0,0,0,0,0,9,15,11,6,1,3,7,5,4,3,17,2,1,4,5,6,0,3,1,1,2,1,3,10,1,2,2,4,0,4,4,18,0,1,2,1,0,1,54,1
428,TAT,3,0,0,6,0,0,1,2,0,0,51,0,0,0,4,0,0,1,0,37,0,1,0,0,3,0,0,0,0,2,5,0,0,1,0,4,1,0,16,0,2,2,1,0,2,0,0,0,185,20,7,380763,3,2,0,3,0,0,1,39,3,0,1,1
429,GTT,2,0,0,179,63,6,4,5,0,1,2,0,0,9,16,62,5,0,0,0,1,1,0,0,0,0,0,0,3,0,3,4,5,0,0,6,2,5,3,25,1,1,0,2,47,25,49,377436,7,1,0,1,0,1,0,0,12,1,0,3,0,1,8,7
430,GAG,0,4,25,0,0,1,6,2,0,0,6,0,1,0,4,6,0,0,1,0,0,0,0,0,0,2,0,0,1,3,2,2,78,1,375387,72,1,2,3,1,0,0,60,0,0,2,4,0,1,0,12,9,0,0,0,2,1,0,0,3,3,1,0,0
431,GAC,0,66,0,2,0,0,1,1,0,0,0,2,0,0,0,0,0,6,1,0,0,2,0,2,0,0,1,0,1,1,0,1,12,381944,9,55,1,2,2,1,0,34,126,1,1,0,1,0,1,38,1,0,2,5,0,1,0,0,0,0,1,0,0,0
432,ACT,1,4,0,11,21,119,11,382302,2,11,0,20,0,1,5,14,0,0,3,7,0,0,0,21,0,0,0,3,2,4,5,3,2,0,1,0,2,2,7,19,3,0,1,3,0,1,7,7,0,0,1,1,11,9,12,8,0,3,1,3,1,2,3,0
433,AAA,382731,5,16,4,6,4,0,5,11,3,4,1,1,1,1,2,8,2,1,3,0,0,1,0,3,9,3,1,1,0,2,6,8,2,2,0,6,6,5,1,6,0,7,2,4,2,1,3,1,16,0,3,5,3,2,0,0,2,1,0,1,2,0,2
434,ATA,1,3,0,4,23,0,5,1,3,2,0,0,382740,11,61,26,0,1,0,0,0,0,1,3,0,2,3,0,7,11,6,3,1,4,6,2,3,2,4,5,2,1,2,1,32,10,11,3,0,0,1,0,5,1,1,1,0,2,4,0,3,0,3,0
435,GAT,0,1,0,21,2,0,2,0,1,1,1,2,0,3,0,0,0,1,0,1,1,1,0,2,0,0,0,0,1,1,0,0,10,43,13,378570,4,1,1,1,2,0,2,17,1,0,1,4,1,0,7,14,3,4,3,3,0,0,0,0,0,0,4,1
436,CTC,0,3,1,1,2,2,0,0,1,0,2,3,16,91,6,10,5,3,9,0,1,22,1,1,4,1,1,0,44,377823,30,56,0,1,1,0,0,2,0,0,0,4,0,0,2,9,11,6,1,0,1,0,1,1,0,6,1,1,0,0,26,19,8,3
437,TGG,3,2,0,3,3,3,0,0,1,0,14,0,0,1,2,3,1,0,3,1,0,2,2,1,0,0,17,1,1,0,2,0,0,1,1,1,0,1,0,0,2,0,3,19,1,0,0,0,0,0,14,0,0,3,0,3,12,0,378762,7,0,1,38,2
438,TCA,2,1,1,0,8,0,1,3,3,12,3,8,0,0,0,0,2,0,0,1,24,9,0,0,0,1,0,0,2,0,2,0,1,1,1,0,0,0,2,0,0,0,3,1,0,0,1,0,64,0,0,0,376534,10,24,13,0,0,4,3,3,0,0,0
439,TAC,0,6,28,0,2,1,0,1,0,5,1,0,0,1,0,0,1,71,0,0,0,0,6,0,0,0,0,0,0,0,0,1,0,1,0,0,3,0,0,4,1,0,1,0,0,0,4,2,8,381942,5,63,0,1,0,0,1,76,4,0,0,6,6,5
440,AAC,16,381249,4,58,0,2,0,1,2,34,0,0,0,2,0,0,1,11,4,2,1,0,0,0,1,0,0,0,0,0,68,1,3,56,4,1,1,0,0,0,0,0,5,3,1,0,5,1,0,2,0,1,15,2,2,1,0,2,1,1,2,2,0,1
441,GCG,1,0,0,1,2,2,39,3,0,1,1,0,0,0,2,0,0,0,0,1,0,0,2,4,0,1,2,1,0,1,4,4,0,0,11,0,75,35,380218,38,2,2,0,0,1,1,18,1,0,1,0,0,2,0,14,0,1,2,0,1,1,0,0,0
442,GAA,12,2,2,2,0,0,1,0,0,0,0,0,0,1,2,2,2,2,2,1,0,1,0,0,2,1,1,0,0,0,0,0,380627,20,46,36,5,4,1,1,50,5,8,9,1,0,0,2,32,4,0,1,1,0,0,0,0,0,0,1,0,14,0,1
443,CTT,0,1,0,1,2,0,1,9,0,0,0,2,12,7,6,35,4,4,15,2,1,0,0,7,1,0,4,5,20,31,52,380221,0,0,0,2,1,0,1,5,1,1,0,0,28,5,12,18,12,1,0,1,1,0,0,1,4,1,1,25,20,5,25,109
444,CTT,0,0,0,0,1,0,3,0,0,0,5,2,9,13,11,53,5,0,5,5,0,0,0,14,11,0,1,1,18,79,29,380687,1,1,7,2,7,8,6,11,0,0,1,0,16,14,11,19,1,5,0,7,1,1,0,1,0,4,7,4,31,1,30,40
445,GTT,1,0,0,0,250,3,6,10,0,1,0,0,9,4,0,25,1,1,0,0,0,0,0,0,0,0,1,4,0,2,0,0,0,1,3,4,0,0,2,17,0,6,4,1,37,35,56,380269,0,1,0,0,0,0,1,0,1,0,0,1,4,0,1,2
446,GCC,7,11,0,14,3,106,7,2,12,9,16,12,1,1,0,2,4,1,3,1,0,0,0,0,5,7,3,2,0,0,9,1,6,8,13,0,64,378918,42,75,0,9,1,0,2,88,1,1,0,0,0,3,4,33,9,0,0,0,1,3,8,1,16,1
447,CTG,1,0,0,0,1,3,6,0,0,0,1,2,2,8,95,3,2,0,8,1,0,0,152,0,2,0,13,0,42,14,380647,79,2,1,2,1,2,5,1,0,0,0,0,0,14,4,28,1,3,2,0,2,4,0,0,0,0,0,7,0,3,4,24,2
448,GAG,0,1,11,0,0,1,0,0,0,0,0,0,0,0,0,0,0,0,1,1,0,0,0,0,0,0,0,0,1,0,0,0,78,0,379298,39,0,0,1,0,0,0,71,3,0,1,10,0,0,0,18,0,0,0,0,0,0,0,2,1,0,0,0,0
449,AAC,45,381086,1,67,0,1,0,0,0,19,0,1,0,0,0,0,0,0,0,0,0,0,0,0,0,0,1,3,0,0,1,0,0,13,0,0,0,0,0,2,0,0,0,1,0,0,0,0,0,0,0,0,1,0,0,0,0,0,0,0,0,0,0,1
450,CAA,46,1,3,0,20,18,8,2,0,3,0,5,0,0,0,0,378754,1,33,1,3,0,0,0,27,1,0,0,1,15,0,0,17,0,6,1,0,1,0,0,0,1,0,0,23,7,0,0,5,0,0,0,6,0,1,3,0,0,2,0,0,1,0,0
451,CAT,3,3,2,23,3,0,0,0,0,0,3,1,1,0,6,2,25,54,18,379448,1,2,1,5,3,1,3,15,4,0,7,6,4,1,5,5,9,0,4,5,13,0,3,1,0,1,3,2,0,1,0,9,3,0,0,0,0,1,5,0,1,0,8,10
452,ACA,9,1,1,0,381656,30,22,22,2,0,0,1,14,5,0,13,0,0,1,0,1,1,9,1,0,2,0,0,0,0,0,0,1,0,1,0,23,1,0,0,0,0,0,0,1,9,3,14,0,0,3,0,0,0,0,0,1,0,0,2,2,1,0,2
453,ATT,1,0,0,4,0,0,0,8,0,0,6,3,31,8,5,377896,1,0,5,0,0,0,0,2,0,1,0,0,7,16,37,7,1,0,1,0,0,0,1,0,14,2,0,1,3,2,7,31,0,0,0,0,0,0,0,3,0,0,0,0,3,1,0,1
454,GAT,1,0,0,16,0,7,0,3,1,2,1,2,3,0,7,1,6,1,1,27,0,0,1,0,0,0,0,2,2,2,0,0,11,38,23,380962,8,7,3,5,0,1,0,15,1,1,1,1,0,1,0,51,2,0,0,5,0,0,4,2,5,2,6,7
455,CTA,0,0,1,0,2,8,1,7,0,1,0,3,33,6,21,5,4,1,0,0,22,0,0,0,0,0,1,1,381634,11,29,11,0,0,0,0,7,1,6,2,2,0,0,0,13,8,31,13,0,5,0,5,2,0,0,0,0,1,4,0,13,0,10,6
456,ACT,1,0,0,11,19,26,18,380648,0,0,0,2,0,0,7,11,0,0,0,0,0,0,0,0,0,1,0,0,0,14,2,23,0,1,0,0,5,0,5,25,0,0,0,0,0,0,1,0,0,0,3,6,2,0,0,2,0,2,0,9,1,0,9,4
457,GAC,1,40,0,0,2,1,0,1,0,1,0,1,0,0,1,0,0,1,4,0,1,0,0,0,0,0,1,0,0,0,0,1,34,381616,4,36,1,6,10,22,0,32,2,0,0,3,3,0,1,83,1,0,0,1,0,1,0,0,1,0,0,2,0,0
458,TCA,4,4,3,11,8,0,4,1,9,2,8,2,0,6,1,1,6,4,1,15,18,0,0,0,7,8,9,4,8,8,0,8,2,3,5,38,0,10,6,8,11,5,14,35,2,1,5,4,31,4,0,2,380547,19,130,12,5,0,5,2,11,10,10,5
459,GAA,23,0,0,0,0,3,10,5,0,0,1,0,0,1,1,6,2,1,5,1,1,0,1,0,1,0,1,1,10,8,1,4,382501,1,35,0,2,5,3,2,10,0,3,0,10,0,7,8,23,2,0,7,0,0,0,0,0,0,3,4,2,7,1,4
460,ATG,0,0,20,0,0,1,7,2,1,4,1,1,27,0,381195,59,0,0,0,0,0,0,0,1,0,0,0,0,0,0,4,0,0,0,0,0,0,0,0,0,0,0,1,0,0,0,10,0,0,1,0,0,0,0,0,0,0,0,0,0,1,0,3,1
461,AAC,30,382227,4,5,8,15,0,2,3,37,0,4,1,0,3,4,0,4,13,1,0,0,0,9,4,18,12,3,1,7,2,2,19,32,0,0,3,3,11,4,3,5,6,8,0,6,17,6,0,10,0,2,5,3,1,4,0,1,0,1,0,3,0,1
462,AAA,382013,13,30,10,6,1,0,0,20,0,4,5,1,0,4,3,10,6,18,3,0,0,1,0,1,8,1,4,10,10,0,6,9,0,0,0,3,0,4,0,1,1,8,6,1,1,1,0,0,1,0,0,3,6,0,0,0,0,0,0,4,1,6,1
463,CTG,0,0,0,1,0,0,1,0,0,4,2,0,0,0,11,1,2,0,4,0,0,6,6,1,0,0,0,0,46,7,381208,83,0,0,0,0,0,0,0,0,1,0,0,0,0,1,7,0,0,0,0,0,0,1,0,0,2,1,0,0,6,0,89,0
464,TTT,0,0,0,0,0,0,0,1,0,0,0,0,1,2,1,4,0,0,0,2,1,0,0,0,1,0,0,0,0,0,0,11,0,0,8,1,0,0,1,1,0,0,0,0,0,2,3,10,0,1,1,8,0,1,0,13,6,0,5,6,2,56,2,381600
465,GAA,20,0,0,0,2,1,2,0,0,1,1,3,2,6,7,3,5,1,5,2,0,0,0,0,3,4,2,0,13,0,3,7,382434,6,41,4,1,19,10,2,45,1,2,6,8,6,6,7,21,5,0,0,4,12,1,3,0,0,4,0,7,0,3,2
466,AAA,382779,15,33,28,11,13,6,15,35,7,2,10,4,5,0,5,8,4,6,1,0,3,0,0,5,11,7,32,5,3,3,4,30,1,1,10,18,7,5,4,3,11,5,2,10,5,52,8,2,10,0,32,3,2,15,3,0,1,7,1,0,6,2,5
467,ACA,6,1,2,1,382227,13,54,11,6,0,0,2,17,2,0,4,0,1,0,3,24,0,4,1,0,0,2,0,0,0,0,0,0,0,0,0,19,1,1,1,0,1,0,0,16,23,17,24,0,0,2,0,1,0,0,0,0,3,0,5,0,1,0,2
468,AAG,54,2,382360,10,1,0,35,0,7,1,113,4,0,0,6,0,0,0,2,0,0,0,0,1,3,0,12,11,0,0,0,2,0,1,65,1,2,0,1,9,1,2,1,4,0,1,2,1,0,0,2,0,3,1,0,7,1,0,0,1,0,2,0,1
469,AAG,123,21,381607,28,3,2,15,1,9,0,38,5,1,5,11,5,2,6,9,9,0,0,3,0,0,1,2,8,0,3,6,13,7,1,24,4,23,4,2,3,19,5,5,2,2,2,3,2,1,4,3,7,12,6,5,32,1,6,5,1,7,0,10,1
470,CAA,20,1,0,0,7,3,3,9,1,0,2,9,2,4,37,9,381137,3,32,6,4,0,0,11,18,0,4,0,19,21,4,16,9,1,2,1,2,3,11,4,5,1,0,0,15,2,4,11,92,0,0,0,1,7,2,1,0,1,0,1,14,2,13,0
471,CTG,0,0,0,0,0,0,2,0,0,0,0,4,0,0,15,0,0,0,2,0,0,0,5,0,0,0,3,1,45,16,382149,43,0,0,0,0,0,0,1,0,0,0,2,0,1,0,1,1,0,0,0,0,0,0,0,1,0,0,0,3,12,0,47,1
472,AGG,0,1,17,0,0,0,0,0,47,1,382275,30,0,0,33,0,1,8,3,6,0,1,0,1,9,6,10,4,0,1,1,1,0,2,1,0,3,0,2,0,3,21,87,5,2,0,0,0,6,0,0,1,4,0,1,1,0,1,8,0,0,0,3,0
473,GAA,42,0,0,2,0,3,1,8,0,0,0,10,0,1,0,1,1,0,1,0,0,2,2,1,0,1,1,1,2,2,1,1,382771,14,26,4,3,3,1,4,52,2,13,2,2,1,1,0,20,2,1,0,14,14,0,2,0,0,3,1,0,0,2,3
474,AAT,26,23,5,381232,3,0,0,7,1,1,0,14,0,0,0,1,0,0,0,0,1,0,0,1,0,0,0,0,0,0,0,1,0,0,0,16,1,0,0,0,1,0,0,0,3,26,0,1,0,0,0,3,1,1,0,1,0,1,0,2,0,1,1,1
475,GCT,0,0,0,2,0,3,0,68,0,2,0,2,0,0,2,22,4,0,0,1,0,1,1,2,0,0,1,0,1,0,1,2,0,0,1,10,21,69,24,360616,15,6,7,24,1,0,0,40,0,0,0,2,0,0,0,7,1,0,2,2,1,1,4,0
476,GAG,1,0,21,0,0,0,0,3,4,4,1,0,2,2,2,1,2,1,0,0,0,1,1,5,0,1,2,1,1,2,1,0,60,4,359626,28,2,1,6,2,1,4,64,0,3,2,36,133,0,0,20,0,1,1,2,0,4,0,0,1,0,1,2,30
477,GAT,13,0,0,31,0,1,0,0,0,0,0,0,2,1,0,0,1,1,0,8,3,1,0,3,0,0,0,0,0,1,2,0,28,40,6,360879,0,0,0,3,0,8,71,25,0,2,1,11,0,1,0,15,0,1,7,1,0,1,2,30,0,0,1,0
478,ATG,0,0,7,0,5,1,17,88,0,0,5,3,43,4,360646,58,4,0,8,0,0,0,0,0,0,0,0,0,33,13,7,10,10,1,14,0,0,0,1,0,0,0,1,0,4,6,62,0,0,0,1,0,0,1,1,2,0,0,1,0,12,0,14,0
479,GGC,0,1,0,0,0,0,0,0,1,25,0,0,0,0,2,1,3,0,2,0,0,0,0,0,0,4,1,0,1,0,3,1,0,62,0,1,1,4,5,0,43,360174,31,56,1,6,0,0,0,0,0,3,0,1,1,2,0,35,1,0,0,3,0,1
480,AAT,6,19,1,360540,0,0,2,6,0,1,2,15,6,0,0,2,0,0,0,9,1,0,0,16,1,0,1,0,5,0,0,1,0,0,0,13,0,1,3,1,0,2,1,0,0,4,1,0,0,0,10,3,0,0,17,0,0,2,0,1,1,0,1,1
481,GGT,0,0,0,0,0,1,0,0,0,0,1,22,0,1,1,0,2,1,0,0,4,2,1,2,0,0,5,0,0,1,0,1,0,2,0,23,0,1,3,3,40,24,55,360553,0,0,0,13,0,0,0,0,0,0,0,1,0,0,6,36,1,1,8,0
482,TGT,0,0,0,0,0,0,0,0,0,1,0,2,2,0,0,0,0,0,2,0,0,2,0,1,0,0,0,10,1,0,0,0,0,2,2,0,1,0,0,2,2,0,1,0,0,0,0,0,0,0,0,52,0,0,0,0,3,35,108,360813,0,0,1,14
483,TTC,0,5,0,1,0,0,0,0,1,0,8,0,0,8,3,0,0,4,2,0,0,1,1,0,0,1,7,1,4,27,1,5,0,0,0,0,2,0,0,0,0,0,0,0,12,4,1,2,0,3,0,0,0,20,0,0,0,3,2,2,47,360505,19,111
484,AAA,360441,3,37,13,16,11,34,31,32,0,9,0,4,6,17,33,16,8,4,7,0,1,5,1,15,15,16,11,72,11,26,9,47,0,2,1,1,0,2,1,3,1,5,3,5,2,14,12,2,2,0,14,0,1,3,1,0,4,3,1,29,9,10,27
485,ATA,1,0,0,0,15,1,1,4,4,0,0,1,360925,22,19,6,2,0,1,0,0,4,3,0,0,0,2,7,10,5,2,10,0,1,0,0,1,0,4,5,17,0,5,72,21,5,2,3,0,1,1,2,0,0,0,0,2,3,0,0,14,0,8,0
486,TAC,1,2,0,1,2,0,0,0,0,0,0,0,0,1,0,0,0,26,0,0,1,2,0,1,0,0,0,0,2,1,0,4,0,0,28,0,1,0,0,0,1,1,2,0,0,0,1,2,15,360809,0,63,0,3,0,1,1,70,15,0,1,19,14,1
487,CAC,1,44,0,0,0,2,0,1,0,1,173,0,0,2,0,1,9,360599,2,17,2,3,1,0,1,13,0,0,1,0,4,0,0,1,1,27,1,0,0,2,1,0,2,5,0,3,0,1,0,12,0,0,0,0,0,0,0,0,10,0,0,0,0,0
488,AAA,360475,20,45,13,12,0,6,7,34,5,29,5,4,2,16,1,15,27,9,2,7,5,2,5,25,10,28,1,3,8,2,8,189,0,22,2,15,22,6,5,7,5,9,7,6,4,3,9,1,2,0,2,9,15,7,5,3,1,3,1,6,2,7,5
489,TGT,0,0,0,12,0,1,0,0,0,0,0,10,0,0,0,0,0,1,0,0,1,0,0,3,0,0,0,2,1,0,0,0,0,0,1,2,2,0,0,0,0,1,0,8,0,0,0,0,0,0,0,19,4,0,0,1,5,19,4,361053,0,0,0,9
490,GAC,0,28,1,3,0,1,0,0,0,0,0,0,1,0,0,0,0,0,0,0,0,0,7,0,0,0,0,0,0,0,0,0,13,360493,3,27,0,0,0,0,2,102,1,0,1,6,0,0,0,59,0,0,0,1,0,1,0,1,0,0,0,0,0,0
491,AAT,6,13,0,360854,4,7,4,9,2,4,3,25,3,0,6,2,0,11,3,9,0,0,0,0,1,2,2,3,3,4,2,1,2,17,11,53,0,3,1,1,3,7,5,3,0,0,15,0,3,3,0,7,6,4,1,0,0,0,0,0,7,1,1,0
492,GCC,4,1,3,5,2,85,2,12,0,7,16,7,4,5,9,11,1,8,12,7,2,3,1,2,3,6,5,0,4,6,2,3,8,31,28,2,73,357422,30,19,8,19,10,6,12,132,5,13,1,29,0,5,8,45,8,9,0,0,7,0,3,13,2,6
493,TGC,0,0,0,5,0,0,2,0,0,14,0,0,0,0,0,0,0,1,0,0,0,0,1,0,0,67,9,0,0,0,0,0,0,1,1,0,3,0,0,0,1,4,1,0,0,0,0,8,0,79,1,2,16,4,0,0,11,359320,1,65,0,20,0,0
494,ATA,1,1,1,0,13,0,0,0,4,0,0,0,360145,32,141,32,0,0,0,0,0,0,0,2,0,0,0,0,9,1,0,3,0,0,5,1,0,0,1,0,0,0,2,0,20,3,4,13,4,0,0,15,0,0,0,0,1,0,1,0,5,1,0,6
495,GGA,6,23,9,8,3,2,23,18,21,17,10,15,2,8,15,6,10,18,14,7,0,0,1,0,9,12,26,5,7,7,4,10,49,16,23,12,19,22,52,19,359941,11,60,82,51,2,9,5,0,21,1,9,14,21,1,16,44,6,18,0,6,1,0,7
496,TCA,2,3,4,3,5,4,4,3,3,7,9,52,0,1,9,0,1,0,7,1,16,0,1,0,4,1,3,4,1,2,1,4,1,0,14,0,13,7,8,4,5,0,3,0,1,1,0,1,40,1,1,1,360355,2,26,13,0,0,0,2,54,0,3,1
497,ATC,0,0,0,0,2,63,0,1,0,6,2,0,89,360110,6,33,0,0,4,0,0,0,0,0,0,1,0,0,3,6,2,5,0,2,1,0,8,0,1,1,1,1,2,1,1,8,4,3,2,1,0,4,1,0,0,0,2,0,152,0,2,47,3,0
498,AGA,12,2,1,1,14,10,0,19,360549,1,38,4,31,28,19,16,4,1,3,0,1,0,0,2,29,32,17,10,17,2,15,2,7,0,6,3,3,6,2,3,45,5,1,6,29,22,41,32,0,3,0,15,1,2,1,2,4,0,3,1,10,3,7,2
499,AAT,11,29,1,361146,3,7,0,7,2,1,0,15,2,0,1,2,0,0,0,4,1,0,0,0,0,1,0,1,6,1,0,2,1,1,0,14,1,0,1,2,0,0,2,0,0,0,0,0,0,0,0,1,5,1,1,2,0,0,0,0,1,1,0,0
500,GGA,2,2,0,15,0,0,0,0,22,1,1,2,1,0,0,0,0,1,1,0,98,0,0,0,0,0,2,0,1,0,0,1,15,4,1,3,1,0,2,0,359337,22,80,7,59,0,0,0,0,0,2,1,0,2,2,2,10,1,7,1,4,14,1,8
501,ACT,1,0,2,8,8,14,10,360851,1,1,1,7,1,0,16,9,0,8,1,1,0,1,0,6,1,0,8,1,0,0,0,1,8,0,1,0,0,3,2,17,2,1,3,1,0,0,1,1,0,1,0,3,1,0,2,11,0,0,2,0,1,0,1,1
502,TAT,0,1,0,1,0,1,0,6,0,0,0,0,0,0,0,0,0,0,0,27,0,2,0,0,0,0,1,0,0,0,0,0,3,48,0,0,0,0,1,0,1,1,11,0,0,0,0,0,7,13,0,360866,4,1,1,1,0,0,2,27,0,0,0,158
503,GAC,1,63,12,3,0,0,1,0,1,1,13,3,2,0,4,0,4,1,0,0,2,4,1,0,8,3,2,10,1,0,3,2,18,360585,12,46,0,2,4,3,0,42,3,0,7,6,2,1,0,18,0,0,2,1,3,9,0,0,5,1,10,0,13,2
504,CAC,1,42,0,3,0,60,3,0,2,11,6,6,1,1,2,0,17,359872,3,45,12,22,4,1,0,8,0,0,0,1,11,1,0,1,0,0,3,8,24,8,1,0,1,5,1,3,1,15,0,18,0,5,3,1,3,7,0,2,0,0,1,0,0,3
505,GAT,14,13,7,128,56,9,13,53,7,10,6,3,6,10,8,17,14,16,5,6,0,0,0,2,7,10,1,9,7,8,8,4,26,20,11,359042,10,11,64,5,13,4,31,38,19,3,20,20,1,2,9,78,23,9,15,6,1,2,29,1,11,12,14,52
506,GTA,19,4,16,4,7,10,3,3,5,2,16,13,76,4,11,4,0,2,10,4,1,0,1,1,11,21,15,12,7,15,6,10,6,15,5,2,55,5,19,2,14,2,8,15,360101,13,35,11,0,14,0,4,9,14,4,5,1,1,7,1,27,18,19,20
507,TAC,0,2,0,0,0,0,0,2,0,0,0,4,0,1,0,0,0,32,1,0,0,0,1,1,0,0,1,0,0,0,1,0,0,4,0,0,1,0,0,0,1,0,17,6,1,0,0,0,7,360130,5,68,1,0,0,2,2,20,19,0,0,3,2,17
508,AGA,22,2,0,0,0,0,1,0,359773,1,78,6,17,19,1,0,0,0,3,0,2,0,1,0,26,9,7,13,0,0,0,7,0,0,1,1,5,2,5,0,60,1,0,0,0,0,0,0,0,1,1,0,0,0,0,1,1,14,0,0,0,1,1,0
509,GAT,7,15,2,62,33,16,19,10,3,2,9,8,27,10,21,6,19,7,20,19,8,11,4,10,9,6,20,10,8,14,23,8,6,75,33,359510,4,24,33,33,10,4,10,36,12,17,16,7,1,22,0,47,11,55,13,23,0,3,11,2,10,3,22,9
510,GAA,19,1,0,1,3,1,4,2,0,1,0,0,7,14,1,2,2,0,3,0,0,0,0,4,0,1,0,0,6,0,1,0,359703,19,125,18,1,6,3,13,35,1,2,0,3,10,8,5,20,0,1,2,0,0,1,2,0,0,0,0,2,6,5,0
511,GCA,0,0,0,1,40,0,0,0,0,1,0,4,0,4,0,0,0,0,0,0,3,0,0,0,0,0,0,0,0,0,0,0,10,0,0,2,356348,4,29,9,6,0,2,0,21,1,0,1,0,0,0,0,10,0,0,2,0,0,1,0,28,0,2,0
512,TTA,4,0,0,0,0,1,3,0,0,0,0,2,30,4,5,7,0,2,0,2,2,3,0,0,1,0,0,30,55,2,8,24,0,0,1,0,0,0,1,0,0,0,0,0,13,13,8,16,5,0,0,1,21,0,22,1,2,1,0,0,359728,6,79,29
513,AAC,24,360175,15,9,6,24,6,8,7,20,3,6,10,30,5,24,27,2,13,2,0,0,0,0,1,17,25,8,1,4,12,7,0,15,5,1,5,31,21,15,6,6,47,8,6,6,14,11,1,12,0,29,10,27,25,4,0,2,17,0,14,34,1,15
514,AAC,36,359653,11,44,1,7,0,3,15,11,10,0,6,4,2,1,1,12,1,0,0,8,0,1,6,9,4,28,1,14,1,1,2,5,0,0,3,4,1,0,1,1,2,0,4,5,1,5,0,3,1,2,1,3,2,3,0,2,1,1,4,0,2,4
515,CGG,0,0,0,3,0,0,0,0,26,0,54,0,0,0,0,0,0,1,55,0,0,0,2,0,71,17,356146,33,1,0,27,0,1,0,0,0,0,0,0,0,1,0,3,1,0,0,23,0,0,0,0,0,0,0,0,0,0,0,54,2,0,0,0,0
516,TTT,1,0,0,0,0,7,20,0,9,0,0,0,1,0,0,4,0,0,0,0,9,0,0,1,0,0,1,0,7,3,7,13,0,0,0,1,77,0,1,4,0,0,152,1,0,0,1,7,0,11,0,12,0,0,0,13,0,1,20,6,14,41,13,359102
517,CAG,4,8,41,2,1,3,5,0,14,4,17,4,0,1,14,3,26,16,356350,82,0,5,18,6,6,7,223,6,2,0,38,4,3,1,17,5,1,5,1,42,16,4,45,21,0,5,20,8,0,1,30,11,8,10,7,5,0,0,19,2,15,2,13,9
518,ATC,0,4,0,1,0,14,7,0,0,0,0,10,75,355244,9,21,0,0,0,0,1,0,0,0,8,0,1,0,4,2,6,0,0,0,0,1,2,0,0,0,2,6,2,0,10,31,6,11,0,0,1,0,0,1,0,0,3,0,3,0,1,0,25,0
519,AAG,53,0,357550,71,0,0,9,0,0,0,94,0,0,3,8,0,0,0,5,2,0,0,0,27,1,0,3,0,2,4,4,5,0,0,23,0,1,0,0,2,0,4,19,0,1,1,0,1,0,0,1,0,0,0,1,5,0,0,2,0,0,10,0,1
520,GGA,0,0,0,1,2,0,0,1,88,0,0,0,1,0,4,0,1,1,2,3,0,3,0,0,0,0,0,1,4,0,0,0,30,0,2,0,4,1,0,0,357124,1,64,6,29,0,1,0,0,0,0,0,0,0,0,0,14,0,0,0,0,0,0,0
521,GTT,0,0,0,0,6,0,5,0,0,0,1,4,1,0,0,98,0,0,3,0,0,0,0,0,0,0,5,0,0,1,0,4,0,0,1,2,0,1,0,8,0,1,0,1,6,25,15,357569,3,1,0,0,0,0,0,0,2,0,0,0,1,1,2,9
522,GAG,4,16,44,0,0,1,3,2,0,1,6,3,3,3,3,5,2,1,8,0,3,2,3,0,3,1,2,3,2,2,4,0,42,1,354995,11,21,0,24,4,2,3,63,1,1,6,22,3,0,3,24,1,1,8,5,8,1,2,4,0,8,0,2,6
523,CTG,0,0,0,0,0,0,3,1,0,0,0,4,1,3,26,1,2,0,6,0,0,0,48,1,2,0,62,1,79,9,357102,29,0,0,0,0,0,0,0,0,0,0,4,2,5,53,16,12,0,3,0,1,0,4,1,1,1,118,14,0,13,3,30,2
524,AAG,39,4,354414,19,1,1,19,21,6,23,60,12,0,1,33,14,5,2,18,10,1,0,2,0,8,7,10,14,5,8,3,5,3,2,49,3,1,3,4,36,7,8,30,17,7,3,16,8,0,4,1,7,6,3,10,28,3,1,11,3,11,10,3,6
525,TCA,12,5,29,3,3,2,8,1,3,5,4,14,1,2,7,9,5,16,7,8,36,9,0,4,2,10,12,9,7,2,10,6,18,7,15,18,7,4,5,19,15,3,17,51,18,22,15,10,40,13,14,25,353171,7,161,30,3,1,21,10,56,13,16,9
526,GGG,3,3,24,1,6,0,1,2,5,5,27,5,6,1,8,0,32,6,12,0,1,1,1,13,5,4,92,4,3,4,1,30,3,0,45,3,14,4,6,1,101,12,357005,37,0,3,59,2,0,1,4,5,5,6,6,10,0,2,80,7,3,3,16,12
527,TAC,7,9,2,16,6,0,16,11,31,4,0,6,7,6,13,26,5,69,10,0,3,1,3,1,1,1,2,4,4,7,5,0,7,6,1,4,1,31,2,19,15,7,15,27,12,4,10,15,173,354943,7,82,2,12,9,3,1,28,2,0,1,6,4,34
528,AAA,356325,14,45,11,8,4,4,2,172,1,0,5,8,6,12,4,18,3,7,2,6,18,4,3,0,1,6,1,48,3,18,23,66,0,4,3,4,0,10,2,21,6,9,19,7,17,35,54,6,2,0,7,5,8,19,2,2,2,13,6,11,2,15,83
529,GAT,4,1,3,52,2,2,1,6,5,4,1,9,6,3,3,7,0,2,2,1,2,0,0,3,2,0,0,1,1,1,0,2,4,32,27,326417,1,7,1,4,8,3,17,23,37,0,3,3,0,10,0,49,4,8,8,6,0,2,4,7,1,5,23,4
530,TGG,2,1,0,0,2,4,3,1,1,0,3,0,0,0,11,6,2,2,7,0,4,0,0,2,3,0,10,0,5,5,2,1,3,2,3,9,1,0,1,1,12,4,22,1,2,0,10,8,3,16,33,10,4,4,1,0,17,1,347185,20,3,6,68,12
531,ATC,3,30,0,2,1,21,5,1,1,0,1,0,50,351264,13,27,12,0,4,0,2,0,5,0,0,0,1,0,10,13,8,18,0,0,0,2,0,5,4,1,5,0,8,2,9,35,17,9,6,1,0,10,0,0,1,1,1,7,4,14,8,30,23,24
532,CTA,7,0,0,3,23,15,3,2,0,1,0,5,59,3,10,8,15,0,2,2,139,5,19,6,3,0,3,1,350844,11,45,7,2,0,2,6,6,2,7,25,7,3,11,7,24,14,10,21,2,0,2,2,0,6,1,0,3,0,0,17,23,2,25,17
533,TGG,0,0,0,0,0,0,0,0,0,0,1,0,0,0,3,0,0,0,0,0,0,0,0,0,0,0,6,0,0,0,0,0,0,0,0,0,0,0,0,0,1,0,1,0,0,0,0,0,0,0,5,1,0,0,0,0,6,0,336841,22,0,0,19,0
534,ATT,0,0,0,1,0,1,0,7,0,2,0,4,21,21,5,356305,0,0,0,0,0,0,0,0,0,0,0,0,0,0,0,0,0,0,0,1,0,0,0,0,1,0,7,1,0,5,5,16,0,3,0,1,0,0,0,3,0,0,0,1,1,16,5,11
535,TCC,0,0,1,0,2,3,0,0,0,3,0,0,0,0,0,0,0,0,0,0,1,10,0,1,0,0,0,0,0,0,0,0,0,0,0,0,0,3,2,0,0,0,1,0,0,0,0,0,0,5,0,0,53,355841,1,26,0,2,0,3,0,16,1,0
536,TTT,0,2,0,0,3,2,6,0,2,1,2,8,5,0,0,5,0,1,0,0,0,0,2,0,0,0,0,0,0,2,7,69,1,0,0,0,8,5,5,3,2,1,1,6,0,2,4,6,0,0,0,0,8,1,13,20,2,1,2,9,5,9,21,358821
537,GCC,0,0,0,0,0,74,0,0,0,0,0,0,0,0,0,0,0,0,0,0,2,1,0,0,0,0,0,0,0,0,0,0,0,6,0,1,27,351205,0,4,0,0,1,0,0,76,0,0,0,0,0,0,0,26,0,0,0,0,0,0,0,0,0,0
538,ATA,3,2,0,0,83,8,2,0,3,4,2,2,358073,14,59,2,0,0,1,0,0,0,0,0,0,0,0,0,3,0,0,0,4,0,5,1,2,1,0,0,1,3,5,0,11,0,3,0,0,0,0,1,0,0,5,0,0,0,0,0,0,0,0,0
539,TCA,0,0,0,0,4,0,7,6,0,0,0,1,0,1,0,0,2,0,0,4,26,0,0,0,0,0,0,0,0,0,1,0,13,7,3,3,1,4,5,2,0,0,2,1,2,0,0,0,44,0,0,0,353439,5,21,5,0,1,3,1,7,0,0,0
540,TGT,2,7,0,25,0,0,13,4,0,19,1,4,1,5,9,1,4,17,17,17,0,4,1,0,0,0,0,24,6,16,10,37,2,3,6,17,17,11,8,5,4,7,3,143,2,4,0,14,0,12,0,26,4,3,6,2,0,33,72,358002,2,3,3,13
541,TTT,3,2,17,4,6,4,7,7,2,1,3,14,12,6,0,8,11,24,8,27,0,0,1,2,1,0,0,0,8,0,7,24,7,6,13,39,11,14,17,8,8,17,12,6,5,0,42,19,0,9,0,12,16,0,12,21,0,5,20,11,30,31,12,359375
542,TTG,0,1,0,2,6,14,10,3,0,7,0,1,23,12,12,22,4,0,0,2,0,0,4,3,0,1,0,0,7,1,39,2,36,4,20,14,3,5,4,5,5,9,30,20,20,25,46,30,0,8,1,6,7,1,6,3,4,9,32,33,64,13,357849,64
543,CTT,2,1,0,0,6,14,19,7,0,5,0,7,7,19,0,50,5,7,13,11,1,88,6,40,1,0,1,15,7,31,7,356988,5,0,7,5,1,5,5,5,3,3,14,2,12,8,15,17,2,9,0,18,22,1,7,11,1,5,16,20,5,6,8,61
544,TGT,50,31,20,29,15,13,20,27,1,4,2,18,14,59,20,19,23,32,53,21,9,17,3,3,8,31,4,16,12,9,15,39,23,43,26,9,8,16,11,45,19,36,61,31,4,16,14,19,0,24,0,35,13,23,24,18,3,58,17,358312,6,3,14,26
545,GTT,0,15,4,10,15,22,23,53,1,7,1,12,26,11,23,47,2,7,24,1,6,8,34,5,0,1,5,2,17,18,28,14,14,8,29,11,7,4,28,36,26,13,78,26,7,16,42,359677,0,2,0,10,12,31,16,25,1,8,13,19,18,17,9,55
546,GCT,0,0,0,6,6,11,9,175,1,5,1,19,3,6,12,5,0,0,0,0,32,10,17,31,1,0,0,0,6,0,1,4,8,10,1,17,60,55,40,358137,10,35,67,28,10,4,19,123,1,5,0,3,16,16,2,23,1,6,4,17,11,0,11,6
547,TTG,33,15,38,18,16,2,7,15,18,32,2,7,2,15,30,8,3,4,24,24,3,0,1,0,2,0,1,1,10,15,31,20,11,29,46,51,8,16,12,26,7,3,60,11,9,19,41,20,2,16,2,5,12,10,38,3,0,14,52,9,31,18,356314,55
548,TTG,0,3,1,24,93,5,10,5,49,4,0,7,3,2,3,8,0,6,8,2,0,0,3,2,0,0,1,1,3,16,62,2,3,18,26,33,0,7,7,0,0,12,21,16,3,4,21,5,0,1,3,4,0,17,39,3,2,4,29,4,34,3,354937,31
549,GGG,1,0,0,1,2,2,7,4,1,4,34,8,6,9,23,1,0,0,0,0,1,0,7,2,0,11,2,0,6,1,12,1,1,1,19,0,4,1,10,1,108,1,357984,44,21,6,181,10,0,2,0,1,5,11,11,3,0,9,102,2,0,10,8,2
550,TTC,15,29,4,11,74,8,11,4,4,11,0,17,27,41,2,13,5,11,2,4,7,1,3,7,0,0,2,0,4,46,23,16,12,10,3,8,28,6,0,13,8,15,30,23,10,30,7,10,1,13,0,9,13,82,17,30,0,25,13,1,67,358700,22,54
551,ATC,7,20,1,9,12,69,5,7,3,36,2,3,60,357877,26,32,5,0,3,0,4,5,0,11,1,3,1,0,4,37,15,6,49,12,4,12,0,1,6,16,29,15,25,18,8,37,11,15,7,11,1,1,3,3,3,74,0,6,16,19,17,29,1,5
552,ATG,13,13,7,13,23,23,90,8,0,14,5,28,67,16,358769,43,6,1,29,0,5,2,6,1,5,4,3,5,7,4,47,12,10,3,31,10,8,19,14,16,15,36,95,14,9,25,98,11,1,20,22,12,23,32,9,21,1,21,58,33,25,33,33,31
553,TGG,3,4,6,9,15,12,17,11,1,1,7,12,13,13,11,11,6,8,7,4,14,19,19,5,0,0,45,4,7,17,13,13,2,6,26,13,49,3,11,6,10,18,277,7,14,8,36,12,1,9,16,22,72,2,9,8,14,3,356716,55,11,16,49,17
554,GCC,2,8,0,1,0,124,19,5,5,7,4,3,0,1,8,0,4,1,0,0,7,7,4,2,0,1,1,1,0,3,2,0,2,104,0,3,64,357405,36,35,20,41,103,12,0,119,5,1,0,2,0,0,0,35,4,1,0,5,0,0,2,0,1,2
555,TGC,0,0,0,0,0,0,0,0,1,13,0,13,1,6,3,0,1,0,2,1,0,0,0,1,0,114,0,0,0,0,1,0,1,0,5,0,1,13,8,6,2,23,13,3,0,1,2,2,0,265,0,2,0,2,0,4,15,358092,6,79,0,10,4,7
556,CAA,39,5,0,4,1,0,2,2,0,2,1,14,8,3,4,1,359285,1,29,5,21,0,1,0,39,8,2,8,4,9,13,16,18,6,5,1,3,1,4,6,9,11,7,5,9,9,12,2,10,6,0,3,6,1,10,2,0,2,13,4,3,9,11,20
557,AAA,359605,10,347,8,25,4,6,2,51,1,9,7,6,25,7,9,9,7,10,6,0,1,0,0,4,4,9,1,7,17,18,16,29,1,4,7,0,5,1,0,87,0,17,4,6,6,8,5,3,5,2,13,4,11,9,10,0,3,11,0,23,17,11,21
558,GGC,0,7,0,1,0,6,2,0,1,25,0,0,0,0,0,0,0,1,0,0,0,0,2,0,0,1,2,0,0,0,0,0,0,19,1,0,0,1,1,0,9,360040,14,77,0,11,3,0,0,0,0,0,0,0,0,0,0,14,0,0,0,0,1,1
559,AAC,25,360428,2,16,16,5,4,4,1,40,1,3,3,0,9,5,3,4,7,1,0,0,0,0,2,3,5,2,15,12,1,0,3,42,5,2,15,1,6,2,4,1,3,6,8,3,12,3,0,24,0,4,25,4,64,4,3,0,16,3,11,7,1,15
560,ATT,0,0,1,1,0,1,0,4,0,0,0,3,20,20,3,360963,0,0,1,0,0,0,0,0,1,0,0,0,1,5,1,5,0,0,0,0,0,0,0,1,0,0,0,0,0,6,0,35,1,0,0,0,0,0,0,1,1,4,1,1,6,2,0,4
561,AGG,0,0,13,0,1,8,5,0,55,1,360264,11,0,5,31,2,0,3,2,2,0,1,0,1,3,8,34,8,7,4,10,3,0,3,0,4,2,0,4,4,0,0,138,0,35,2,3,8,0,7,0,0,4,10,7,4,8,2,6,0,2,0,3,15
562,TGC,0,1,0,0,3,0,0,0,0,4,0,0,0,4,0,0,0,9,0,0,1,0,0,0,0,7,0,0,2,6,1,3,0,0,0,0,0,4,0,2,0,2,0,0,2,2,3,4,0,120,0,0,2,1,0,0,12,360152,4,43,4,21,10,9
563,AAC,38,360525,4,32,13,35,9,11,1,35,0,3,2,5,6,7,6,14,1,0,0,0,0,0,0,1,0,0,1,0,12,4,2,12,13,12,4,3,3,1,1,3,4,2,5,9,10,7,0,5,0,4,6,10,18,4,0,0,14,2,7,2,1,5
564,ATT,0,0,0,4,0,0,0,13,0,0,6,1,10,25,2,360595,0,0,0,0,0,0,0,3,0,0,0,0,0,0,4,23,0,0,0,8,0,0,0,0,0,1,0,0,2,0,15,25,0,1,0,1,1,0,1,0,1,0,0,0,1,4,1,8
565,TGC,1,0,0,0,0,1,2,0,0,3,0,0,2,3,1,4,0,1,1,4,1,0,0,0,0,11,0,0,0,1,1,0,0,1,0,0,1,0,3,1,0,7,1,2,0,3,2,1,0,33,0,0,2,0,3,0,8,360153,13,103,0,11,3,1
566,ATT,0,0,0,1,0,0,1,9,0,0,0,4,4,45,3,360225,0,0,0,1,0,0,1,0,0,0,0,0,1,4,0,3,0,0,0,0,2,0,65,1,0,1,0,0,3,3,38,16,0,0,0,0,0,0,1,0,1,0,1,0,5,0,3,0
567,TGA,3,0,1,0,0,2,2,2,3,2,11,4,0,8,12,5,3,0,3,16,0,0,0,0,21,0,0,0,0,1,1,1,0,0,2,0,1,1,2,0,4,0,0,0,1,1,3,0,43,4,16,4,1,0,0,1,359879,7,115,17,66,0,2,1
