ASA,RSA,SS,SS_class,amino_acid,site
0,0.0,S,loop,G,335
90,0.5806451612903226,S,loop,S,214
0,0.0,E,strand,G,197
121,0.7806451612903226,-,loop,S,140
13,0.08387096774193549,E,strand,S,152
1,0.0035087719298245615,E,strand,W,196
28,0.14213197969543148,-,loop,I,276
73,0.37823834196891193,H,helix,D,206
25,0.14534883720930233,-,loop,T,81
0,0.0,E,strand,I,218
21,0.1076923076923077,-,loop,N,314
3,0.017964071856287425,E,strand,C,68
24,0.10714285714285714,E,strand,M,184
65,0.28888888888888886,G,helix,Q,91
1,0.004975124378109453,E,strand,L,167
2,0.009950248756218905,-,loop,L,134
29,0.1870967741935484,-,loop,S,225
10,0.06451612903225806,H,helix,S,131
125,0.6410256410256411,T,loop,N,241
75,0.5813953488372093,-,loop,A,179
0,0.0,E,strand,V,104
78,0.2965779467680608,H,helix,Y,121
40,0.25806451612903225,E,strand,S,70
0,0.0,E,strand,G,302
47,0.21076233183856502,E,strand,E,57
164,0.6833333333333333,T,loop,F,175
54,0.33962264150943394,T,loop,P,119
8,0.06201550387596899,H,helix,A,85
101,0.517948717948718,-,loop,N,142
0,0.0,-,loop,V,325
11,0.08527131782945736,E,strand,A,55
73,0.47096774193548385,-,loop,S,215
90,0.3813559322033898,-,loop,K,98
85,0.37777777777777777,-,loop,Q,148
7,0.025547445255474453,-,loop,R,236
70,0.358974358974359,T,loop,N,97
16,0.15384615384615385,S,loop,G,234
79,0.45930232558139533,-,loop,T,151
21,0.09375,B,strand,H,34
2,0.012578616352201259,-,loop,P,115
0,0.0,E,strand,Y,194
9,0.05232558139534884,E,strand,T,219
0,0.0,E,strand,L,259
68,0.3383084577114428,B,strand,L,173
30,0.23255813953488372,S,loop,A,212
11,0.08527131782945736,-,loop,A,288
6,0.030456852791878174,E,strand,I,195
81,0.3632286995515695,S,loop,E,66
16,0.09302325581395349,-,loop,T,334
55,0.28205128205128205,E,strand,N,137
110,0.40145985401459855,T,loop,R,240
0,0.0,E,strand,I,261
1,0.009615384615384616,-,loop,G,216
2,0.008928571428571428,E,strand,H,199
194,0.8220338983050848,E,strand,K,292
14,0.08045977011494253,E,strand,V,229
0,0.0,-,loop,G,77
52,0.2311111111111111,E,strand,Q,227
88,0.4512820512820513,-,loop,N,149
4,0.014598540145985401,H,helix,R,125
60,0.37735849056603776,S,loop,P,71
142,0.5182481751824818,-,loop,R,238
3,0.028846153846153848,T,loop,G,132
30,0.14925373134328357,H,helix,L,210
10,0.044444444444444446,E,strand,Q,60
96,0.4067796610169492,-,loop,K,43
20,0.12578616352201258,T,loop,P,300
55,0.31976744186046513,B,strand,T,147
131,0.4781021897810219,S,loop,R,224
10,0.05747126436781609,S,loop,V,146
33,0.16751269035532995,E,strand,I,252
74,0.4774193548387097,S,loop,S,328
34,0.21935483870967742,-,loop,S,235
27,0.09854014598540146,E,strand,R,157
40,0.1694915254237288,E,strand,K,275
47,0.24102564102564103,-,loop,N,306
3,0.01744186046511628,B,strand,T,133
0,0.0,H,helix,I,83
0,0.0,H,helix,L,82
35,0.17766497461928935,B,strand,I,239
5,0.019011406844106463,-,loop,Y,177
198,0.7226277372262774,T,loop,R,158
0,0.0,S,loop,G,265
35,0.20348837209302326,E,strand,T,40
53,0.4108527131782946,E,strand,A,228
16,0.15384615384615385,-,loop,G,26
68,0.6538461538461539,G,helix,G,94
113,0.5794871794871795,E,strand,N,294
46,0.4423076923076923,T,loop,G,256
21,0.1076923076923077,-,loop,N,232
0,0.0,E,strand,Q,311
0,0.0,E,strand,I,246
3,0.01744186046511628,-,loop,T,44
180,0.7627118644067796,H,helix,K,205
2,0.00847457627118644,E,strand,K,192
41,0.21243523316062177,-,loop,D,191
49,0.3081761006289308,E,strand,P,185
46,0.16140350877192983,E,strand,W,250
4,0.025806451612903226,E,strand,S,247
41,0.17372881355932204,S,loop,K,308
5,0.04807692307692308,E,strand,G,291
54,0.27692307692307694,T,loop,N,79
94,0.34306569343065696,B,strand,R,337
64,0.2711864406779661,-,loop,K,254
0,0.0,H,helix,A,129
0,0.0,-,loop,N,186
42,0.18666666666666668,E,strand,Q,226
69,0.2875,S,loop,F,190
5,0.029069767441860465,E,strand,T,251
77,0.28102189781021897,-,loop,R,217
0,0.0,E,strand,C,155
98,0.5077720207253886,S,loop,D,48
0,0.0,E,strand,I,268
128,0.5423728813559322,S,loop,K,280
0,0.0,-,loop,L,58
85,0.5483870967741935,E,strand,S,153
0,0.0,-,loop,M,336
94,0.47715736040609136,-,loop,I,230
1,0.0051813471502590676,-,loop,D,89
46,0.233502538071066,E,strand,I,258
7,0.05426356589147287,E,strand,A,27
1,0.0064516129032258064,E,strand,S,221
57,0.21673003802281368,E,strand,Y,324
16,0.09302325581395349,S,loop,T,46
3,0.014925373134328358,E,strand,L,31
21,0.13548387096774195,-,loop,S,295
1,0.004975124378109453,H,helix,L,87
31,0.13777777777777778,-,loop,Q,327
40,0.20512820512820512,E,strand,N,262
100,0.5128205128205128,E,strand,N,181
63,0.32642487046632124,S,loop,D,307
1,0.006289308176100629,-,loop,P,201
51,0.19391634980988592,E,strand,Y,249
0,0.0,-,loop,N,266
0,0.0,E,strand,S,263
0,0.0,E,strand,V,198
152,0.6333333333333333,H,helix,F,209
2,0.011976047904191617,G,helix,C,92
8,0.03980099502487562,E,strand,L,75
0,0.0,E,strand,V,253
3,0.011406844106463879,B,strand,Y,318
0,0.0,E,strand,C,297
65,0.28888888888888886,S,loop,Q,213
76,0.2773722627737226,S,loop,R,315
8,0.041025641025641026,-,loop,N,338
82,0.36771300448430494,S,loop,E,188
23,0.13372093023255813,B,strand,T,171
0,0.0,-,loop,L,170
12,0.07741935483870968,-,loop,S,244
61,0.22262773722627738,-,loop,R,271
34,0.21935483870967742,-,loop,S,63
2,0.019230769230769232,T,loop,G,88
5,0.024875621890547265,-,loop,L,330
90,0.46153846153846156,-,loop,N,54
109,0.6855345911949685,S,loop,P,37
45,0.4326923076923077,S,loop,G,279
0,0.0,E,strand,G,32
8,0.05161290322580645,-,loop,S,286
3,0.017241379310344827,E,strand,V,42
11,0.03859649122807018,-,loop,W,143
25,0.1937984496124031,-,loop,A,109
19,0.11949685534591195,S,loop,P,309
66,0.3384615384615385,-,loop,N,47
88,0.45595854922279794,T,loop,D,120
0,0.0,E,strand,F,103
1,0.005747126436781609,E,strand,V,59
75,0.38461538461538464,T,loop,N,301
64,0.4025157232704403,-,loop,P,340
39,0.14233576642335766,E,strand,R,323
31,0.13839285714285715,-,loop,H,172
2,0.011976047904191617,-,loop,C,80
25,0.14367816091954022,S,loop,V,313
1,0.004975124378109453,E,strand,L,332
77,0.3422222222222222,T,loop,Q,96
0,0.0,E,strand,I,298
119,0.5042372881355932,T,loop,K,108
0,0.0,E,strand,A,269
21,0.12209302325581395,-,loop,T,317
30,0.1935483870967742,-,loop,S,111
129,0.5733333333333334,-,loop,Q,49
15,0.09433962264150944,G,helix,P,90
116,0.6010362694300518,H,helix,D,204
13,0.0755813953488372,S,loop,T,53
15,0.07462686567164178,E,strand,L,260
8,0.04060913705583756,E,strand,I,283
18,0.09137055837563451,E,strand,I,50
30,0.28846153846153844,T,loop,G,145
9,0.05806451612903226,E,strand,S,282
51,0.25888324873096447,E,strand,I,290
114,0.5846153846153846,E,strand,N,160
9,0.032846715328467155,E,strand,R,245
38,0.22093023255813954,S,loop,T,264
100,0.5181347150259067,-,loop,D,287
36,0.27906976744186046,H,helix,A,122
118,0.4306569343065693,E,strand,R,285
8,0.03980099502487562,E,strand,L,180
120,0.6153846153846154,S,loop,N,38
7,0.029166666666666667,-,loop,F,163
34,0.15246636771300448,-,loop,E,139
106,0.5435897435897435,-,loop,N,61
0,0.0,H,helix,Y,211
39,0.20207253886010362,E,strand,D,117
13,0.05416666666666667,E,strand,F,136
2,0.012578616352201259,-,loop,P,322
3,0.015384615384615385,E,strand,N,168
0,0.0,-,loop,T,222
0,0.0,E,strand,V,52
70,0.4069767441860465,-,loop,T,329
7,0.03125,E,strand,M,284
9,0.04477611940298507,H,helix,L,127
43,0.2205128205128205,-,loop,N,312
0,0.0,E,strand,A,333
13,0.10077519379844961,E,strand,A,320
33,0.3173076923076923,S,loop,G,65
106,0.6162790697674418,T,loop,T,144
37,0.23870967741935484,H,helix,S,130
20,0.072992700729927,-,loop,R,106
1,0.004975124378109453,H,helix,L,86
55,0.2849740932642487,E,strand,D,69
14,0.07253886010362694,-,loop,D,257
32,0.16243654822335024,-,loop,I,316
0,0.0,E,strand,T,299
85,0.4358974358974359,E,strand,N,161
2,0.012903225806451613,E,strand,S,303
22,0.08029197080291971,T,loop,R,166
1,0.006289308176100629,E,strand,P,270
158,0.6694915254237288,B,strand,K,176
25,0.11210762331838565,-,loop,E,135
59,0.3710691823899371,-,loop,P,178
51,0.26424870466321243,S,loop,D,101
51,0.29651162790697677,E,strand,T,56
26,0.25,-,loop,G,39
78,0.4,-,loop,N,112
13,0.0456140350877193,E,strand,W,169
1,0.005988023952095809,S,loop,C,113
0,0.0,E,strand,I,248
13,0.08176100628930817,-,loop,P,231
2,0.008333333333333333,-,loop,F,164
109,0.5532994923857868,-,loop,I,64
23,0.116751269035533,B,strand,I,242
131,0.6717948717948717,T,loop,N,174
21,0.1320754716981132,-,loop,P,243
116,0.7483870967741936,T,loop,S,159
12,0.045627376425855515,S,loop,Y,114
6,0.057692307692307696,S,loop,G,202
1,0.009615384615384616,E,strand,G,272
29,0.16666666666666666,-,loop,V,36
101,0.4279661016949153,S,loop,K,326
1,0.004975124378109453,E,strand,L,102
0,0.0,E,strand,V,220
54,0.313953488372093,S,loop,T,203
16,0.15384615384615385,-,loop,G,150
31,0.15736040609137056,E,strand,I,74
129,0.57847533632287,-,loop,E,341
1,0.0044444444444444444,H,helix,Q,207
12,0.045627376425855515,E,strand,Y,273
1,0.005076142131979695,E,strand,I,304
120,0.43795620437956206,-,loop,R,277
0,0.0,E,strand,H,33
15,0.06696428571428571,S,loop,H,72
10,0.05747126436781609,E,strand,V,182
25,0.16129032258064516,T,loop,S,165
20,0.08333333333333333,-,loop,F,141
3,0.017241379310344827,H,helix,V,128
5,0.025380710659898477,S,loop,I,45
0,0.0,H,helix,D,84
0,0.0,E,strand,I,67
11,0.07096774193548387,-,loop,S,281
39,0.20207253886010362,E,strand,D,76
7,0.041916167664670656,E,strand,C,321
14,0.0880503144654088,-,loop,P,237
14,0.10852713178294573,E,strand,A,154
23,0.14838709677419354,E,strand,S,162
55,0.34591194968553457,T,loop,P,255
128,0.6564102564102564,-,loop,N,187
38,0.1444866920152091,E,strand,Y,116
91,0.3855932203389831,B,strand,K,99
66,0.2796610169491525,E,strand,K,331
118,0.7612903225806451,-,loop,S,278
5,0.024875621890547265,E,strand,L,193
110,0.41825095057034223,-,loop,Y,110
4,0.031007751937984496,-,loop,A,35
40,0.20725388601036268,G,helix,D,93
172,1.0817610062893082,-,loop,P,25
82,0.41624365482233505,H,helix,I,208
70,0.44025157232704404,-,loop,P,289
0,0.0,E,strand,G,319
0,0.0,H,helix,L,124
10,0.044642857142857144,E,strand,H,200
97,0.6258064516129033,T,loop,S,107
0,0.0,E,strand,L,29
8,0.03333333333333333,E,strand,F,310
38,0.2275449101796407,E,strand,C,293
81,0.3432203389830508,S,loop,K,223
76,0.38578680203045684,E,strand,I,156
108,0.484304932735426,T,loop,E,78
2,0.007017543859649123,-,loop,W,100
17,0.07083333333333333,G,helix,F,95
97,0.4311111111111111,-,loop,Q,73
46,0.26744186046511625,E,strand,T,28
0,0.0,E,strand,L,267
190,0.8444444444444444,S,loop,Q,189
23,0.13218390804597702,-,loop,V,339
110,0.5641025641025641,E,strand,N,138
24,0.1218274111675127,-,loop,I,233
78,0.45348837209302323,E,strand,T,183
11,0.06321839080459771,-,loop,V,118
26,0.15568862275449102,E,strand,C,30
76,0.34080717488789236,S,loop,E,296
73,0.37055837563451777,E,strand,I,41
5,0.020833333333333332,E,strand,F,274
65,0.2914798206278027,E,strand,E,51
5,0.03225806451612903,H,helix,S,126
14,0.06278026905829596,E,strand,E,105
54,0.33962264150943394,-,loop,P,305
61,0.3935483870967742,-,loop,S,62
2,0.012903225806451613,H,helix,S,123
77,0.34375,-,loop,M,478
84,0.30656934306569344,H,helix,R,498
12,0.06091370558375635,H,helix,I,453
0,0.0,H,helix,M,460
41,0.14385964912280702,S,loop,W,366
3,0.015228426395939087,H,helix,I,434
0,0.0,G,helix,N,474
107,0.4533898305084746,H,helix,K,427
3,0.014925373134328358,H,helix,L,436
0,0.0,E,strand,Y,367
9,0.08653846153846154,-,loop,G,365
19,0.08050847457627118,H,helix,K,469
4,0.017937219730941704,H,helix,E,430
1,0.005813953488372093,H,helix,T,456
32,0.16580310880829016,H,helix,D,424
154,0.6905829596412556,-,loop,E,356
3,0.017964071856287425,H,helix,C,493
6,0.030456852791878174,B,strand,I,355
130,0.7471264367816092,-,loop,V,363
46,0.4423076923076923,T,loop,G,361
34,0.1691542288557214,H,helix,L,447
81,0.2956204379562044,E,strand,R,370
38,0.1688888888888889,H,helix,Q,470
67,0.3435897435897436,E,strand,N,405
1,0.004975124378109453,H,helix,L,425
86,0.44559585492227977,H,helix,D,391
64,0.3282051282051282,S,loop,N,480
21,0.0875,S,loop,F,348
15,0.07462686567164178,H,helix,L,512
67,0.3004484304932735,T,loop,E,360
70,0.358974358974359,H,helix,N,394
46,0.17490494296577946,H,helix,Y,439
12,0.09302325581395349,E,strand,A,475
33,0.3173076923076923,E,strand,G,376
17,0.06463878326996197,-,loop,Y,502
45,0.20179372197309417,-,loop,E,412
73,0.2664233576642336,H,helix,R,399
33,0.12043795620437957,H,helix,R,421
14,0.08139534883720931,H,helix,T,432
47,0.4519230769230769,S,loop,G,402
43,0.3333333333333333,T,loop,A,352
49,0.20416666666666666,T,loop,F,516
97,0.4311111111111111,H,helix,Q,387
7,0.04516129032258064,H,helix,S,385
18,0.06844106463878327,-,loop,Y,486
0,0.0,H,helix,A,441
84,0.37668161434977576,H,helix,E,510
103,0.5282051282051282,H,helix,N,398
31,0.24031007751937986,H,helix,A,388
43,0.19282511210762332,H,helix,E,465
8,0.029197080291970802,H,helix,R,515
96,0.4067796610169492,H,helix,K,466
36,0.16071428571428573,H,helix,H,451
13,0.05829596412556054,H,helix,E,459
175,0.8883248730964467,-,loop,I,518
55,0.22916666666666666,-,loop,F,415
6,0.030456852791878174,H,helix,I,393
2,0.011627906976744186,H,helix,T,467
7,0.03482587064676617,H,helix,L,444
2,0.008928571428571428,-,loop,M,362
41,0.14963503649635038,G,helix,R,472
52,0.5,T,loop,G,500
122,0.5169491525423728,-,loop,K,403
18,0.08955223880597014,H,helix,L,400
21,0.1065989847715736,-,loop,I,347
22,0.17054263565891473,E,strand,A,380
108,0.5538461538461539,H,helix,N,513
70,0.31390134529147984,H,helix,E,442
38,0.15833333333333333,T,loop,F,354
113,0.4788135593220339,-,loop,K,488
1,0.004464285714285714,S,loop,H,487
0,0.0,E,strand,G,368
1,0.005076142131979695,E,strand,I,485
39,0.1625,-,loop,F,408
38,0.36538461538461536,T,loop,G,353
14,0.07106598984771574,-,loop,I,411
40,0.17857142857142858,S,loop,H,409
0,0.0,T,loop,A,350
7,0.035897435897435895,H,helix,N,440
63,0.3620689655172414,-,loop,V,418
3,0.0125,E,strand,F,483
23,0.08070175438596491,B,strand,W,359
4,0.038461538461538464,-,loop,G,420
68,0.30493273542600896,-,loop,E,419
8,0.07692307692307693,S,loop,G,349
0,0.0,-,loop,G,358
81,0.5225806451612903,S,loop,S,416
0,0.0,H,helix,N,449
4,0.02072538860103627,H,helix,D,435
14,0.07253886010362694,H,helix,D,454
17,0.16346153846153846,H,helix,G,495
42,0.2153846153846154,H,helix,N,514
0,0.0,H,helix,A,389
112,0.5022421524663677,T,loop,E,375
39,0.19796954314720813,H,helix,I,422
4,0.025806451612903226,H,helix,S,438
17,0.08808290155440414,-,loop,D,382
20,0.08888888888888889,H,helix,Q,450
1,0.0064516129032258064,H,helix,S,458
2,0.011976047904191617,-,loop,C,489
84,0.43523316062176165,-,loop,D,503
91,0.5290697674418605,-,loop,T,501
116,0.5155555555555555,E,strand,Q,372
20,0.08928571428571429,E,strand,H,371
4,0.016666666666666666,E,strand,F,369
16,0.07960199004975124,H,helix,L,443
0,0.0,H,helix,T,452
41,0.20812182741116753,H,helix,I,390
5,0.03875968992248062,H,helix,A,446
121,0.6205128205128205,T,loop,N,499
1,0.005076142131979695,H,helix,I,497
0,0.0,H,helix,I,494
131,0.6517412935323383,H,helix,L,383
17,0.13178294573643412,E,strand,A,381
1,0.004975124378109453,H,helix,L,455
0,0.0,S,loop,G,481
13,0.0755813953488372,H,helix,T,386
4,0.017937219730941704,E,strand,E,476
0,0.0,H,helix,A,511
80,0.41450777202072536,H,helix,D,509
69,0.30666666666666664,E,strand,Q,379
57,0.29533678756476683,-,loop,D,490
3,0.017241379310344827,H,helix,V,445
82,0.3474576271186441,E,strand,K,484
77,0.5968992248062015,H,helix,A,492
101,0.5233160621761658,H,helix,D,505
76,0.38974358974358975,H,helix,N,491
112,0.49777777777777776,-,loop,Q,517
152,0.6440677966101694,H,helix,K,384
12,0.045627376425855515,H,helix,Y,428
63,0.2825112107623318,S,loop,E,417
5,0.024875621890547265,H,helix,L,463
30,0.15384615384615385,H,helix,N,461
5,0.02242152466367713,H,helix,E,448
87,0.5612903225806452,T,loop,S,374
43,0.2205128205128205,-,loop,N,357
1,0.004975124378109453,H,helix,L,471
98,0.5632183908045977,H,helix,V,506
76,0.3220338983050847,H,helix,K,468
100,0.4484304932735426,E,strand,E,406
46,0.23834196891191708,H,helix,D,431
109,0.5647668393782384,S,loop,D,364
0,0.0,H,helix,F,464
34,0.1691542288557214,H,helix,L,397
13,0.06666666666666667,E,strand,N,373
202,0.7372262773722628,E,strand,R,377
10,0.09615384615384616,H,helix,G,395
37,0.15677966101694915,E,strand,K,407
33,0.19186046511627908,-,loop,T,404
6,0.030456852791878174,B,strand,I,351
26,0.11555555555555555,-,loop,Q,410
10,0.03508771929824561,H,helix,W,437
118,0.5291479820627802,-,loop,E,414
26,0.25,-,loop,G,346
23,0.22115384615384615,E,strand,G,378
52,0.22033898305084745,H,helix,K,462
14,0.07253886010362694,E,strand,D,477
37,0.16444444444444445,H,helix,Q,392
54,0.27411167512690354,S,loop,I,401
0,0.0,H,helix,D,457
14,0.06222222222222222,H,helix,Q,423
21,0.08898305084745763,H,helix,K,433
23,0.09745762711864407,-,loop,K,413
21,0.13548387096774195,H,helix,S,496
29,0.13004484304932734,G,helix,E,473
20,0.072992700729927,H,helix,R,508
1,0.00423728813559322,H,helix,K,396
14,0.08383233532934131,E,strand,C,482
7,0.040229885057471264,H,helix,V,429
6,0.026905829596412557,H,helix,E,426
25,0.2403846153846154,S,loop,G,479
51,0.19391634980988592,H,helix,Y,507
22,0.09821428571428571,H,helix,H,504
